,Concept,Occurence,Frequency,Mean,Median,Sdev
0,luminous spheroid,[0],1,0.0,0.0,0.0
1,astronomical object consisting,[0],1,0.0,0.0,0.0
2,star,"[  0   5   6   7   8   9  10  12  13  15  16  17  19  23  24  26  27  33
  40  42  46  47  48  50  51  52  53  55  57  58  60  61  65  67  69  72
  73  74  75  76  79  81  82  84  88  92  95  96  97  99 100 112 115 116
 118 126 127 131 136 138 144 145 149 153 154 155 156 159 164 165 166 167
 169 173 179 182 186 187 189 194 198 200 201 202 208 210 211 213 217 218
 222 223 224 225 226 227 229 230 233 234 235 236 238 239 242 244 245 246
 248 253 255 256 258 261 262 264 267 268 274 276 277 279 280 283 288 292
 293 295 297 301 302 303 305 306 307 309 310 311 313 315 316 318 321 326
 327 328 330 332 334 339 340 344 348 354 364 365 367 374 377 378 380 383
 385 388 393 394 398 399 406 409 411 416 420]",173,0.47085912625206683,0.4988179669030733,0.28269713130269813
3,own gravity,[ 0 16],2,0.018912529550827423,0.018912529550827423,0.018912529550827423
4,earth,[  1   2   5  29  79  84 107 180 214 234 235 327 328 334 336 338 343],17,0.4416631900987345,0.5059101654846335,0.30946088631249274
5,sun,"[  1  17  27  28  29  46  47  57  91 104 107 139 142 146 214 230 231 233
 234 235 236 240 241 242 243 248 249 263 265 266 274 284 299 322 335 336
 340 357 394 395 403 408 410 415 421]",45,0.5381665353296559,0.5697399527186762,0.29129847410868187
6,near star,[  1 214],2,0.2541371158392435,0.2541371158392435,0.25177304964539005
7,naked eye,[  2   5 331],3,0.26635145784081954,0.01182033096926714,0.3649877977970508
8,immense distance,[2],1,0.004728132387706856,0.004728132387706856,0.0
9,other star,[  2 133],2,0.1595744680851064,0.1595744680851064,0.15484633569739953
10,sky,[ 2 51 53 95],4,0.11879432624113476,0.12293144208037825,0.07785956093169354
11,night,[2],1,0.004728132387706856,0.004728132387706856,0.0
12,multitude,[ 2 43],2,0.05319148936170213,0.05319148936170213,0.04846335697399527
13,luminous point,[2],1,0.004728132387706856,0.004728132387706856,0.0
14,constellation,[ 3 27 35 87 95 96],6,0.1351457840819543,0.14420803782505912,0.08720826964139304
15,proper name,[ 3 99],2,0.12056737588652482,0.12056737588652482,0.11347517730496454
16,asterism,[3],1,0.0070921985815602835,0.0070921985815602835,0.0
17,most prominent star,[3],1,0.0070921985815602835,0.0070921985815602835,0.0
18,stellar designation,[4],1,0.009456264775413711,0.009456264775413711,0.0
19,star catalogue,[ 4 33 97],3,0.10559495665878645,0.07801418439716312,0.0918510622038355
20,astronomer,[  4   9  27  47  65  83  84  85 118 155 252 272 310 315],14,0.30834177642688276,0.19976359338061467,0.25354102438689213
21,known star,[  4 273],2,0.32742316784869974,0.32742316784869974,0.31796690307328607
22,galaxy,[  5  23  42  78  81  86 118 200 201 203 217 242 249 251 272],15,0.35744680851063826,0.4728132387706856,0.2111049780395502
23,sextillion,[  5 202],2,0.24468085106382978,0.24468085106382978,0.23286052009456265
24,milky way,[  5  44  78 188 213],5,0.24964539007092199,0.18439716312056736,0.19206113742511452
25,universe,[  5  86 153 200 223 224 267],7,0.39108409321175275,0.4728132387706856,0.20071249023389323
26,life,[  6   8  10  13 173 271],6,0.18951930654058316,0.027186761229314422,0.24639806828149596
27,out space,[6],1,0.014184397163120567,0.014184397163120567,0.0
28,thermonuclear fusion,[6],1,0.014184397163120567,0.014184397163120567,0.0
29,interior,[  6  74 253 376 386 387 394 397],8,0.6716903073286052,0.900709219858156,0.35133522932635763
30,portion,[  6 228 229 398],4,0.5088652482269503,0.5401891252955082,0.3291378534151834
31,helium,"[  6   7  13  14  75 115 136 138 151 154 155 165 166 171 174 227 383 415
 417 418]",20,0.41371158392434987,0.36524822695035464,0.3119474699449448
32,core,"[  6  15  17  18  20 115 122 136 138 159 165 166 168 171 185 190 192 219
 225 273 274 292 294 303 304 378 379 381 382 383 384 392 400 411 418]",35,0.5454238432961838,0.5177304964539007,0.30479854917766236
33,star shine,[6],1,0.014184397163120567,0.014184397163120567,0.0
34,energy,[  6  14  15 176 177 293 301 304 305 381 387 388 400 415 416 419],16,0.6496749408983451,0.7198581560283688,0.34594336570614903
35,hydrogen,[  6  13  75 110 113 115 136 152 159 170 174 225 227 271 372 415],16,0.40381205673758863,0.367612293144208,0.2571801142444874
36,lifetime,[7],1,0.016548463356973995,0.016548463356973995,0.0
37,stellar nucleosynthesis,[7],1,0.016548463356973995,0.016548463356973995,0.0
38,supernova nucleosynthesis,[7],1,0.016548463356973995,0.016548463356973995,0.0
39,element,[  7 154 155 170 270],5,0.35744680851063826,0.3664302600472813,0.19858944034798673
40,end,[  8 173 358],3,0.4247438928289992,0.408983451536643,0.33797787728931983
41,degenerate matter,[  8 192],2,0.2364066193853428,0.2364066193853428,0.21749408983451538
42,total mass,[  9 142 144],3,0.23246650906225375,0.33569739952718675,0.14934629428341342
43,main factor,[9],1,0.02127659574468085,0.02127659574468085,0.0
44,luminosity,"[  9  11  49 104 106 117 128 138 139 222 311 316 318 321 327 328 334 362
 365 367 374 421]",22,0.5552331828927574,0.7411347517730497,0.3072966104909616
45,motion,[  9  27  28 242 243],5,0.25957446808510637,0.06619385342789598,0.2566439667515262
46,age,[  9  12 224 242 315],5,0.3791962174940898,0.5295508274231678,0.2981896317548487
47,mass,"[  9  17  19  65 104 106 118 149 154 162 163 181 227 256 268 273 277 312
 313 314 372 393 394 411 412 418]",26,0.5352791416621204,0.5709219858156028,0.30578049034238053
48,metallicity,[  9 155 156 274 275 310],6,0.4645390070921986,0.508274231678487,0.24333714326348405
49,chemical composition,[ 9 77],2,0.1016548463356974,0.1016548463356974,0.08037825059101655
50,other property,[9],1,0.02127659574468085,0.02127659574468085,0.0
51,space,[  9 109 140 301 400],5,0.4534278959810875,0.3309692671394799,0.3313520245383671
52,eventual fate,[  9 222],2,0.2730496453900709,0.2730496453900709,0.25177304964539005
53,spectrum,[  9  57  76 170 232 279 296 348 358 360],10,0.516548463356974,0.6040189125295509,0.2978465409668533
54,evolution,[  9  22 143 154 197 222 242],7,0.33400878081729146,0.3640661938534279,0.20308067450204512
55,change,[10 63],2,0.08628841607565012,0.08628841607565012,0.06264775413711583
56,other characteristic,[10],1,0.02364066193853428,0.02364066193853428,0.0
57,rotation,[ 10 126 256 262 263 281 283 285 286 287 289],11,0.5647969052224371,0.6643026004728132,0.20089240782856202
58,diameter,[ 10 240],2,0.29550827423167847,0.29550827423167847,0.2718676122931442
59,movement,[ 10 249 254],3,0.40425531914893614,0.5886524822695035,0.2691784637479994
60,environment,[ 10 117],2,0.15011820330969267,0.15011820330969267,0.12647754137115838
61,temperature,"[ 10  11  69 121 138 152 162 164 171 293 294 295 306 345 346 347 352 361
 379 404]",20,0.557919621749409,0.693853427895981,0.29117868476763625
62,diagram,[11 12],2,0.027186761229314422,0.027186761229314422,0.001182033096926714
63,plot,[11],1,0.026004728132387706,0.026004728132387706,0.0
64,many star,[ 11  40  44 319],4,0.24468085106382978,0.09929078014184398,0.2956713498026124
65,particular star,[12],1,0.028368794326241134,0.028368794326241134,0.0
66,evolutionary state,[12],1,0.028368794326241134,0.028368794326241134,0.0
67,gaseous nebula,[13],1,0.030732860520094562,0.030732860520094562,0.0
68,trace amount,[13],1,0.030732860520094562,0.030732860520094562,0.0
69,heavy element,[ 13  18  19 110 158 194 195 227 228 229 418],11,0.38878143133462284,0.458628841607565,0.2730645097357025
70,material,[ 13 198],2,0.24940898345153664,0.24940898345153664,0.2186761229314421
71,gravitational collapse,[ 13 419],2,0.5106382978723404,0.5106382978723404,0.4799054373522459
72,nuclear fusion,[ 14 115 138 273 301 380],6,0.48108747044917255,0.4858156028368794,0.2951479284434928
73,stellar core,[14],1,0.03309692671394799,0.03309692671394799,0.0
74,process,[ 14 172],2,0.2198581560283688,0.2198581560283688,0.1867612293144208
75,hydrogen becomes,[14],1,0.03309692671394799,0.03309692671394799,0.0
76,combination,[ 15 127 150 277],4,0.33628841607565013,0.32742316784869974,0.2200066543925861
77,remainder,[15],1,0.03546099290780142,0.03546099290780142,0.0
78,convective heat transfer,[ 15 389],2,0.47754137115839246,0.47754137115839246,0.44208037825059104
79,internal pressure prevents,[16],1,0.037825059101654845,0.037825059101654845,0.0
80,red giant,[ 17 160 163 198 300],5,0.3962174940898345,0.38534278959810875,0.21463117285143826
81,hydrogen fuel,[17],1,0.04018912529550828,0.04018912529550828,0.0
82,time,"[ 17  50 145 156 158 161 165 183 240 262 264 266 273 290 304 305 316 329
 330 336 340 365 397 420 421]",25,0.6139952718676124,0.6453900709219859,0.24754879332542518
83,case,[ 18 191 278 391],4,0.5189125295508275,0.5543735224586288,0.3220882942352097
84,shell,[ 18 159 174 385],4,0.43498817966903075,0.39361702127659576,0.3097783794922618
85,new star,[ 19  34  36  45 188 194],6,0.2033096926713948,0.09574468085106383,0.1764940742813782
86,part,[ 19  23  25 211],4,0.16430260047281323,0.05673758865248227,0.19320004632809662
87,interstellar environment,[19],1,0.04491725768321513,0.04491725768321513,0.0
88,stellar remnant,[20],1,0.04728132387706856,0.04728132387706856,0.0
89,white dwarf,[ 20 152 180 182 278 342 355 371],8,0.5555555555555556,0.5437352245862884,0.27102088309995903
90,neutron star,[ 20 190 192 240],4,0.37943262411347517,0.4515366430260047,0.1975198172584025
91,black hole,[ 20 191 193],3,0.3183609141055949,0.4515366430260047,0.19169193512476948
92,multi-star system consist,[21],1,0.04964539007092199,0.04964539007092199,0.0
93,more star,[ 21 205],2,0.26713947990543735,0.26713947990543735,0.21749408983451538
94,stable orbit,[21],1,0.04964539007092199,0.04964539007092199,0.0
95,gravitational interaction,[ 22 133],2,0.18321513002364065,0.18321513002364065,0.13120567375886524
96,such star,[ 22 137 153],3,0.2458628841607565,0.32387706855791965,0.13794213135533243
97,significant impact,[22],1,0.05200945626477541,0.05200945626477541,0.0
98,relatively close orbit,[22],1,0.05200945626477541,0.05200945626477541,0.0
99,gravitationally bound structure,[23],1,0.054373522458628844,0.054373522458628844,0.0
100,star cluster,[ 23  42  80 207],4,0.20803782505910165,0.14420803782505912,0.16951360214951908
101,world,[24 29],2,0.06264775413711583,0.06264775413711583,0.00591016548463357
102,civilization,[24],1,0.05673758865248227,0.05673758865248227,0.0
103,religious practice,[25],1,0.0591016548463357,0.0591016548463357,0.0
104,orientation,[25],1,0.0591016548463357,0.0591016548463357,0.0
105,celestial navigation,[25],1,0.0591016548463357,0.0591016548463357,0.0
106,ancient astronomer,[26],1,0.061465721040189124,0.061465721040189124,0.0
107,convention,[27],1,0.06382978723404255,0.06382978723404255,0.0
108,inferred position,[27],1,0.06382978723404255,0.06382978723404255,0.0
109,planet,[ 27  92  93 271],4,0.2854609929078014,0.2186761229314421,0.21459923999303374
110,agricultural practice,[28],1,0.06619385342789598,0.06619385342789598,0.0
111,background star,[28],1,0.06619385342789598,0.06619385342789598,0.0
112,calendar,[28],1,0.06619385342789598,0.06619385342789598,0.0
113,horizon,[28],1,0.06619385342789598,0.06619385342789598,0.0
114,gregorian calendar,[29],1,0.06855791962174941,0.06855791962174941,0.0
115,local star,[29],1,0.06855791962174941,0.06855791962174941,0.0
116,angle,[29],1,0.06855791962174941,0.06855791962174941,0.0
117,rotational axis relative,[29],1,0.06855791962174941,0.06855791962174941,0.0
118,solar calendar,[29],1,0.06855791962174941,0.06855791962174941,0.0
119,bc,[30 31 32],3,0.07328605200945626,0.07328605200945626,0.0019302519643681466
120,egyptian astronomy,[30],1,0.07092198581560284,0.07092198581560284,0.0
121,ancient,[30],1,0.07092198581560284,0.07092198581560284,0.0
122,result,[ 30 126 130 288 387 414 419],7,0.6058763931104356,0.6808510638297872,0.3501571483434293
123,accurately dated star chart,[30],1,0.07092198581560284,0.07092198581560284,0.0
124,kassite period,[31],1,0.07328605200945626,0.07328605200945626,0.0
125,known star catalogue,[31],1,0.07328605200945626,0.07328605200945626,0.0
126,mesopotamia,[31],1,0.07328605200945626,0.07328605200945626,0.0
127,millennium bc,[31],1,0.07328605200945626,0.07328605200945626,0.0
128,babylonian astronomer,[31],1,0.07328605200945626,0.07328605200945626,0.0
129,greek astronomy,[32 35],2,0.07919621749408984,0.07919621749408984,0.0035460992907801418
130,help,[32],1,0.07565011820330969,0.07565011820330969,0.0
131,aristillus,[32],1,0.07565011820330969,0.07565011820330969,0.0
132,first star catalogue,[32],1,0.07565011820330969,0.07565011820330969,0.0
133,timocharis,[32],1,0.07565011820330969,0.07565011820330969,0.0
134,star catalog,[33],1,0.07801418439716312,0.07801418439716312,0.0
135,2nd century bc,[33],1,0.07801418439716312,0.07801418439716312,0.0
136,hipparchus,[33 34 50],3,0.09219858156028368,0.08037825059101655,0.018413430174228404
137,assemble ptolemy,[33],1,0.07801418439716312,0.07801418439716312,0.0
138,discovery,[34 55],2,0.10520094562647754,0.10520094562647754,0.024822695035460994
139,star name,[35 99],2,0.15839243498817968,0.15839243498817968,0.07565011820330969
140,many,[35 90],2,0.14775413711583923,0.14775413711583923,0.06501182033096926
141,use today,[35],1,0.08274231678486997,0.08274231678486997,0.0
142,heaven,[36 45 61],3,0.11189913317572893,0.10638297872340426,0.024441390731711303
143,chinese astronomer,[36 38],2,0.08747044917257683,0.08747044917257683,0.002364066193853428
144,spite,[ 36 289],2,0.38416075650118203,0.38416075650118203,0.2990543735224586
145,apparent immutability,[36],1,0.0851063829787234,0.0851063829787234,0.0
146,supernova,[ 37  38  39  78 186 187 188 196 370 371],10,0.39952718676122934,0.44089834515366433,0.28237877590778354
147,ad,[37 44],2,0.09574468085106383,0.09574468085106383,0.008274231678486997
148,sn,[37 38 39],3,0.08983451536643026,0.08983451536643026,0.0019302519643681466
149,recorded history,[38],1,0.08983451536643026,0.08983451536643026,0.0
150,stellar event,[38],1,0.08983451536643026,0.08983451536643026,0.0
151,egyptian astronomer ali ibn ridwan,[38],1,0.08983451536643026,0.08983451536643026,0.0
152,birth,[ 39 213],2,0.2978723404255319,0.2978723404255319,0.20567375886524822
153,islamic astronomer,[39],1,0.09219858156028368,0.09219858156028368,0.0
154,crab nebula,[ 39 189 290],3,0.4081954294720252,0.44680851063829785,0.24378045586224648
155,medieval islamic astronomer,[40],1,0.09456264775413711,0.09456264775413711,0.0
156,position,[40 50],2,0.10638297872340426,0.10638297872340426,0.01182033096926714
157,arabic name,[40],1,0.09456264775413711,0.09456264775413711,0.0
158,today,[40],1,0.09456264775413711,0.09456264775413711,0.0
159,astronomical instrument,[40],1,0.09456264775413711,0.09456264775413711,0.0
160,purpose,[41],1,0.09692671394799054,0.09692671394799054,0.0
161,zij star catalogue,[41],1,0.09692671394799054,0.09692671394799054,0.0
162,large observatory research institute,[41],1,0.09692671394799054,0.09692671394799054,0.0
163,cluster,[ 42  81 221 341 342],5,0.4855791962174941,0.5224586288416075,0.29803215345900913
164,andromeda galaxy,[42],1,0.09929078014184398,0.09929078014184398,0.0
165,brocchi,[42],1,0.09929078014184398,0.09929078014184398,0.0
166,persian astronomer abd,[42],1,0.09929078014184398,0.09929078014184398,0.0
167,number,[ 42  53  57 100 202],5,0.21465721040189126,0.1347517730496454,0.13947108999669572
168,omicron velorum,[42],1,0.09929078014184398,0.09929078014184398,0.0
169,fixed star,[42],1,0.09929078014184398,0.09929078014184398,0.0
170,book,[42 97],2,0.16430260047281323,0.16430260047281323,0.06501182033096926
171,various star,[43],1,0.1016548463356974,0.1016548463356974,0.0
172,latitude,[ 43 284],2,0.38652482269503546,0.38652482269503546,0.2848699763593381
173,milky way galaxy,[43],1,0.1016548463356974,0.1016548463356974,0.0
174,11th century,[43],1,0.1016548463356974,0.1016548463356974,0.0
175,persian polymath scholar abu rayhan biruni,[43],1,0.1016548463356974,0.1016548463356974,0.0
176,nebulous star,[43],1,0.1016548463356974,0.1016548463356974,0.0
177,zahoor,[43],1,0.1016548463356974,0.1016548463356974,0.0
178,fragment,[43],1,0.1016548463356974,0.1016548463356974,0.0
179,lunar eclipse,[43],1,0.1016548463356974,0.1016548463356974,0.0
180,property,[ 43 130 369],3,0.4271079590228526,0.3073286052009456,0.3258316392420555
181,observation,[44 62],2,0.12529550827423167,0.12529550827423167,0.02127659574468085
182,mar,[44 92],2,0.1607565011820331,0.1607565011820331,0.05673758865248227
183,josep puig,[44],1,0.10401891252955082,0.10401891252955082,0.0
184,effect,[ 44 234],2,0.32860520094562645,0.32860520094562645,0.22458628841607564
185,continuous image,[44],1,0.10401891252955082,0.10401891252955082,0.0
186,refraction,[44],1,0.10401891252955082,0.10401891252955082,0.0
187,jupiter,[ 44  92 273],3,0.322301024428684,0.21749408983451538,0.23310806212149976
188,evidence,[ 44 272],2,0.3735224586288416,0.3735224586288416,0.2695035460992908
189,ah,[44],1,0.10401891252955082,0.10401891252955082,0.0
190,sublunary material,[44],1,0.10401891252955082,0.10401891252955082,0.0
191,andalusian astronomer ibn bajjah,[44],1,0.10401891252955082,0.10401891252955082,0.0
192,conjunction,[44],1,0.10401891252955082,0.10401891252955082,0.0
193,night sky,[ 45 234 336],3,0.4846335697399527,0.5531914893617021,0.2850048237386386
194,tycho brahe,[45],1,0.10638297872340426,0.10638297872340426,0.0
195,european astronomer,[45],1,0.10638297872340426,0.10638297872340426,0.0
196,nova,[ 45 371 373],3,0.6217494089834515,0.8770685579196218,0.3644242096679885
197,idea,[46 47 48],3,0.1111111111111111,0.1111111111111111,0.0019302519643681466
198,even earth-like,[46],1,0.10874704491725769,0.10874704491725769,0.0
199,epicurus,[46],1,0.10874704491725769,0.10874704491725769,0.0
200,medieval islamic cosmologist,[46],1,0.10874704491725769,0.10874704491725769,0.0
201,giordano bruno,[46],1,0.10874704491725769,0.10874704491725769,0.0
202,fakhr,[46],1,0.10874704491725769,0.10874704491725769,0.0
203,orbit,[46 66],2,0.13238770685579196,0.13238770685579196,0.02364066193853428
204,democritus,[46],1,0.10874704491725769,0.10874704491725769,0.0
205,other planet,[46],1,0.10874704491725769,0.10874704491725769,0.0
206,al-din al-razi,[46],1,0.10874704491725769,0.10874704491725769,0.0
207,greek philosopher,[46],1,0.10874704491725769,0.10874704491725769,0.0
208,following century,[47],1,0.1111111111111111,0.1111111111111111,0.0
209,consensus,[47],1,0.1111111111111111,0.1111111111111111,0.0
210,direction,[48 52 53],3,0.12056737588652482,0.12293144208037825,0.005106966665412026
211,gravitational pull,[48],1,0.11347517730496454,0.11347517730496454,0.0
212,isaac newton,[48],1,0.11347517730496454,0.11347517730496454,0.0
213,theologian richard bentley,[48],1,0.11347517730496454,0.11347517730496454,0.0
214,solar system,[48],1,0.11347517730496454,0.11347517730496454,0.0
215,variation,[ 49 334 359],3,0.5847123719464146,0.789598108747045,0.3324201752166186
216,italian astronomer geminiano montanari,[49],1,0.11583924349881797,0.11583924349881797,0.0
217,star algol,[49],1,0.11583924349881797,0.11583924349881797,0.0
218,edmond halley,[50],1,0.1182033096926714,0.1182033096926714,0.0
219,proper motion,[ 50  63 243 245 248],5,0.4014184397163121,0.574468085106383,0.21894571586962164
220,pair,[50],1,0.1182033096926714,0.1182033096926714,0.0
221,first measurement,[50 71],2,0.1430260047281324,0.1430260047281324,0.024822695035460994
222,greek astronomer ptolemy,[50],1,0.1182033096926714,0.1182033096926714,0.0
223,distribution,[51],1,0.12056737588652482,0.12056737588652482,0.0
224,william herschel,[51 55],2,0.12529550827423167,0.12529550827423167,0.004728132387706856
225,first astronomer,[51],1,0.12056737588652482,0.12056737588652482,0.0
226,line,[52],1,0.12293144208037825,0.12293144208037825,0.0
227,series,[ 52  96 173],3,0.25295508274231676,0.22695035460992907,0.11821906908340772
228,gauge,[52],1,0.12293144208037825,0.12293144208037825,0.0
229,sight,[52 55],2,0.12647754137115838,0.12647754137115838,0.0035460992907801418
230,milky way core,[53],1,0.12529550827423167,0.12529550827423167,0.0
231,side,[53],1,0.12529550827423167,0.12529550827423167,0.0
232,same direction,[54],1,0.1276595744680851,0.1276595744680851,0.0
233,corresponding increase,[54],1,0.1276595744680851,0.1276595744680851,0.0
234,study,[ 54 267],2,0.37943262411347517,0.37943262411347517,0.25177304964539005
235,southern hemisphere,[54],1,0.1276595744680851,0.1276595744680851,0.0
236,son john herschel,[54],1,0.1276595744680851,0.1276595744680851,0.0
237,other accomplishment,[55],1,0.13002364066193853,0.13002364066193853,0.0
238,addition,[ 55 354 386],3,0.6264775413711584,0.8368794326241135,0.3524018461388397
239,also physical companion,[55],1,0.13002364066193853,0.13002364066193853,0.0
240,same line,[55],1,0.13002364066193853,0.13002364066193853,0.0
241,binary star system,[ 55  65 107 130 371],5,0.3442080378250591,0.25295508274231676,0.27415667026681073
242,science,[56],1,0.13238770685579196,0.13238770685579196,0.0
243,stellar spectroscopy,[56],1,0.13238770685579196,0.13238770685579196,0.0
244,joseph von fraunhofer,[56],1,0.13238770685579196,0.13238770685579196,0.0
245,angelo secchi,[56],1,0.13238770685579196,0.13238770685579196,0.0
246,strength,[ 57 156 256 344],4,0.4804964539007092,0.48699763593380613,0.2541089379067691
247,sirius,[ 57 336 337 338],4,0.6312056737588653,0.7955082742316785,0.28663266779559127
248,specific frequency,[57],1,0.1347517730496454,0.1347517730496454,0.0
249,difference,[ 57 334],2,0.46217494089834515,0.46217494089834515,0.32742316784869974
250,absorption dark line,[57],1,0.1347517730496454,0.1347517730496454,0.0
251,atmosphere,[ 57 158 234 327 348 403],6,0.6016548463356974,0.6631205673758865,0.28103152790813823
252,absorption,[57],1,0.1347517730496454,0.1347517730496454,0.0
253,stellar spectrum,[ 57 310],2,0.43380614657210403,0.43380614657210403,0.2990543735224586
254,secchi,[58],1,0.13711583924349882,0.13711583924349882,0.0
255,spectral type,[ 58 350 356 358 359],5,0.7002364066193854,0.8416075650118203,0.2816570329991461
256,stellar classification scheme,[59],1,0.13947990543735225,0.13947990543735225,0.0
257,modern version,[59],1,0.13947990543735225,0.13947990543735225,0.0
258,annie cannon,[59],1,0.13947990543735225,0.13947990543735225,0.0
259,distance,[ 60  82 246 311 313 327 328 334 338 404],10,0.6484633569739953,0.7565011820330969,0.2553345805685874
260,direct measurement,[60],1,0.14184397163120568,0.14184397163120568,0.0
261,light-year,[ 60  84 214 328 338],5,0.48416075650118207,0.5059101654846335,0.27683770306526145
262,friedrich bessel,[60 63],2,0.1453900709219858,0.1453900709219858,0.0035460992907801418
263,parallax technique,[60],1,0.14184397163120568,0.14184397163120568,0.0
264,cygni,[60],1,0.14184397163120568,0.14184397163120568,0.0
265,parallax measurement,[ 61 248],2,0.36524822695035464,0.36524822695035464,0.22104018912529552
266,vast separation,[61],1,0.14420803782505912,0.14420803782505912,0.0
267,importance,[62],1,0.14657210401891252,0.14657210401891252,0.0
268,19th century,[62],1,0.14657210401891252,0.14657210401891252,0.0
269,double star,[62],1,0.14657210401891252,0.14657210401891252,0.0
270,star sirius,[63],1,0.14893617021276595,0.14893617021276595,0.0
271,hidden companion,[63],1,0.14893617021276595,0.14893617021276595,0.0
272,104-day period,[64],1,0.15130023640661938,0.15130023640661938,0.0
273,edward pickering,[64],1,0.15130023640661938,0.15130023640661938,0.0
274,spectral line,[ 64 244 354],3,0.5216706067769897,0.5768321513002365,0.28259134873193237
275,periodic splitting,[64],1,0.15130023640661938,0.15130023640661938,0.0
276,star mizar,[64],1,0.15130023640661938,0.15130023640661938,0.0
277,first spectroscopic binary,[64],1,0.15130023640661938,0.15130023640661938,0.0
278,computation,[65],1,0.1536643026004728,0.1536643026004728,0.0
279,orbital element,[65],1,0.1536643026004728,0.1536643026004728,0.0
280,detailed observation,[65],1,0.1536643026004728,0.1536643026004728,0.0
281,burnham,[65],1,0.1536643026004728,0.1536643026004728,0.0
282,friedrich georg wilhelm von struve,[65],1,0.1536643026004728,0.1536643026004728,0.0
283,felix savary,[66],1,0.15602836879432624,0.15602836879432624,0.0
284,telescope observation,[66],1,0.15602836879432624,0.15602836879432624,0.0
285,first solution,[66],1,0.15602836879432624,0.15602836879432624,0.0
286,problem,[66],1,0.15602836879432624,0.15602836879432624,0.0
287,binary star,[ 66 197 205 206],4,0.3983451536643026,0.475177304964539,0.14014446802863587
288,scientific study,[67],1,0.15839243498817968,0.15839243498817968,0.0
289,increasingly rapid advance,[67],1,0.15839243498817968,0.15839243498817968,0.0
290,twentieth century,[67 72],2,0.16430260047281323,0.16430260047281323,0.00591016548463357
291,photograph,[68],1,0.1607565011820331,0.1607565011820331,0.0
292,astronomical tool,[68],1,0.1607565011820331,0.1607565011820331,0.0
293,photographic magnitude,[69],1,0.16312056737588654,0.16312056737588654,0.0
294,visual magnitude,[69],1,0.16312056737588654,0.16312056737588654,0.0
295,karl schwarzschild,[69],1,0.16312056737588654,0.16312056737588654,0.0
296,color,[ 69 306],2,0.4432624113475177,0.4432624113475177,0.2801418439716312
297,precise measurement,[70],1,0.16548463356973994,0.16548463356973994,0.0
298,magnitude,[ 70 329 331 339 375],5,0.68274231678487,0.7825059101654847,0.2615918026714508
299,multiple wavelength interval,[70],1,0.16548463356973994,0.16548463356973994,0.0
300,development,[ 70 116 128],3,0.24743892828999214,0.27423167848699764,0.059096401132396136
301,photoelectric photometer,[70],1,0.16548463356973994,0.16548463356973994,0.0
302,albert michelson,[71],1,0.16784869976359337,0.16784869976359337,0.0
303,mount wilson observatory,[71],1,0.16784869976359337,0.16784869976359337,0.0
304,hooker telescope,[71],1,0.16784869976359337,0.16784869976359337,0.0
305,interferometer,[71],1,0.16784869976359337,0.16784869976359337,0.0
306,stellar diameter,[71],1,0.16784869976359337,0.16784869976359337,0.0
307,theoretical work,[72],1,0.1702127659574468,0.1702127659574468,0.0
308,physical structure,[72],1,0.1702127659574468,0.1702127659574468,0.0
309,important,[72],1,0.1702127659574468,0.1702127659574468,0.0
310,first decade,[72],1,0.1702127659574468,0.1702127659574468,0.0
311,hertzsprung-russell diagram,[73],1,0.17257683215130024,0.17257683215130024,0.0
312,astrophysical study,[73],1,0.17257683215130024,0.17257683215130024,0.0
313,stellar evolution,[ 74 364],2,0.5177304964539007,0.5177304964539007,0.34278959810874704
314,successful model,[74],1,0.17494089834515367,0.17494089834515367,0.0
315,cecilia payne-gaposchkin,[75],1,0.1773049645390071,0.1773049645390071,0.0
316,phd thesis,[75],1,0.1773049645390071,0.1773049645390071,0.0
317,quantum physic,[76],1,0.17966903073286053,0.17966903073286053,0.0
318,further understood,[76],1,0.17966903073286053,0.17966903073286053,0.0
319,advance,[76],1,0.17966903073286053,0.17966903073286053,0.0
320,stellar atmosphere,[ 77 402],2,0.566193853427896,0.566193853427896,0.38416075650118203
321,visible part,[78],1,0.18439716312056736,0.18439716312056736,0.0
322,individual star,[78 80 81 90 91],5,0.19858156028368795,0.19148936170212766,0.012774710246909028
323,local group,[78 80],2,0.1867612293144208,0.1867612293144208,0.002364066193853428
324,exception,[78],1,0.18439716312056736,0.18439716312056736,0.0
325,detailed star catalogue,[78],1,0.18439716312056736,0.18439716312056736,0.0
326,virgo cluster,[79],1,0.1867612293144208,0.1867612293144208,0.0
327,m100 galaxy,[79],1,0.1867612293144208,0.1867612293144208,0.0
328,light year,[79 82],2,0.19030732860520094,0.19030732860520094,0.0035460992907801418
329,cepheids,[80],1,0.18912529550827423,0.18912529550827423,0.0
330,current telescope,[80],1,0.18912529550827423,0.18912529550827423,0.0
331,principle observe faint,[80],1,0.18912529550827423,0.18912529550827423,0.0
332,local supercluster,[80 81],2,0.19030732860520094,0.19030732860520094,0.001182033096926714
333,hundred,[ 82 112 201 208 226],5,0.39196217494089836,0.475177304964539,0.1360552443476552
334,only exception,[82],1,0.1938534278959811,0.1938534278959811,0.0
335,thousand,[ 82 112 208],3,0.31678486997635935,0.2647754137115839,0.1270451900004199
336,faint image,[82],1,0.1938534278959811,0.1938534278959811,0.0
337,most distant star cluster,[82],1,0.1938534278959811,0.1938534278959811,0.0
338,large star cluster,[82],1,0.1938534278959811,0.1938534278959811,0.0
339,february,[83],1,0.19621749408983452,0.19621749408983452,0.0
340,light,[ 83 316 327 343 399],5,0.6940898345153664,0.7730496453900709,0.2579307809405388
341,signal,[83 85],2,0.19858156028368795,0.19858156028368795,0.002364066193853428
342,big bang,[ 83  85 270],3,0.34515366430260047,0.20094562647754138,0.2072932445250153
343,first time,[83],1,0.19621749408983452,0.19621749408983452,0.0
344,early star,[ 83 125],2,0.2458628841607565,0.2458628841607565,0.04964539007092199
345,indirect detection,[83],1,0.19621749408983452,0.19621749408983452,0.0
346,year,[ 83  85  86 124 139 142 143 146 150 153 161 215 223 224 226 245 266 365],18,0.4171263462043604,0.35815602836879434,0.16789719907057574
347,reionization epoch,[83],1,0.19621749408983452,0.19621749408983452,0.0
348,mac j1149,[84],1,0.19858156028368795,0.19858156028368795,0.0
349,icarus,[84],1,0.19858156028368795,0.19858156028368795,0.0
350,april,[84],1,0.19858156028368795,0.19858156028368795,0.0
351,detection,[84 85],2,0.19976359338061467,0.19976359338061467,0.001182033096926714
352,main sequence,[ 84 129 137 138 139 144 145 153 285 379],10,0.4096926713947991,0.33451536643026003,0.19855074060063854
353,team inferring,[85],1,0.20094562647754138,0.20094562647754138,0.0
354,very large,[85],1,0.20094562647754138,0.20094562647754138,0.0
355,may,[85],1,0.20094562647754138,0.20094562647754138,0.0
356,most distant galaxy,[85],1,0.20094562647754138,0.20094562647754138,0.0
357,atacama large millimeter array,[85],1,0.20094562647754138,0.20094562647754138,0.0
358,most distant oxygen,[85],1,0.20094562647754138,0.20094562647754138,0.0
359,model,[86],1,0.2033096926713948,0.2033096926713948,0.0
360,observed brightness,[86],1,0.2033096926713948,0.2033096926713948,0.0
361,redshift,[86],1,0.2033096926713948,0.2033096926713948,0.0
362,onset,[86],1,0.2033096926713948,0.2033096926713948,0.0
363,star formation,[ 86 114],2,0.2364066193853428,0.2364066193853428,0.03309692671394799
364,concept,[87],1,0.20567375886524822,0.20567375886524822,0.0
365,babylonian period,[87],1,0.20567375886524822,0.20567375886524822,0.0
366,nature,[88],1,0.20803782505910165,0.20803782505910165,0.0
367,pattern,[88],1,0.20803782505910165,0.20803782505910165,0.0
368,myth,[88],1,0.20803782505910165,0.20803782505910165,0.0
369,ancient sky watcher,[88],1,0.20803782505910165,0.20803782505910165,0.0
370,prominent arrangement,[88],1,0.20803782505910165,0.20803782505910165,0.0
371,particular aspect,[88],1,0.20803782505910165,0.20803782505910165,0.0
372,formation,[ 89 118 156 194 195],5,0.35555555555555557,0.36879432624113473,0.09884624116184595
373,astrology,[89],1,0.21040189125295508,0.21040189125295508,0.0
374,basis,[89],1,0.21040189125295508,0.21040189125295508,0.0
375,band,[89],1,0.21040189125295508,0.21040189125295508,0.0
376,arabic,[90],1,0.2127659574468085,0.2127659574468085,0.0
377,name,[ 90  92  94  95 100 101],6,0.22537431048069345,0.22340425531914893,0.009423373320016862
378,latin designation,[90],1,0.2127659574468085,0.2127659574468085,0.0
379,own myth,[91],1,0.21513002364066194,0.21513002364066194,0.0
380,certain constellation,[91],1,0.21513002364066194,0.21513002364066194,0.0
381,ancient greek,[92],1,0.21749408983451538,0.21749408983451538,0.0
382,greek,[92],1,0.21749408983451538,0.21749408983451538,0.0
383,important deity,[92],1,0.21749408983451538,0.21749408983451538,0.0
384,saturn,[92],1,0.21749408983451538,0.21749408983451538,0.0
385,venus,[92],1,0.21749408983451538,0.21749408983451538,0.0
386,planet mercury,[92],1,0.21749408983451538,0.21749408983451538,0.0
387,wanderer,[92],1,0.21749408983451538,0.21749408983451538,0.0
388,antiquity,[93],1,0.2198581560283688,0.2198581560283688,0.0
389,roman god,[93],1,0.2198581560283688,0.2198581560283688,0.0
390,low brightness,[93],1,0.2198581560283688,0.2198581560283688,0.0
391,neptune,[93],1,0.2198581560283688,0.2198581560283688,0.0
392,uranus,[93],1,0.2198581560283688,0.2198581560283688,0.0
393,late astronomer,[94],1,0.2222222222222222,0.2222222222222222,0.0
394,circa,[95],1,0.22458628841607564,0.22458628841607564,0.0
395,corresponding region,[95],1,0.22458628841607564,0.22458628841607564,0.0
396,designation,[96],1,0.22695035460992907,0.22695035460992907,0.0
397,greek letter,[96],1,0.22695035460992907,0.22695035460992907,0.0
398,star map,[96],1,0.22695035460992907,0.22695035460992907,0.0
399,german astronomer johann bayer,[96],1,0.22695035460992907,0.22695035460992907,0.0
400,right ascension,[97],1,0.2293144208037825,0.2293144208037825,0.0
401,john flamsteed,[97],1,0.2293144208037825,0.2293144208037825,0.0
402,edition,[97],1,0.2293144208037825,0.2293144208037825,0.0
403,flamsteed numbering,[97],1,0.2293144208037825,0.2293144208037825,0.0
404,historia coelestis britannica,[97],1,0.2293144208037825,0.2293144208037825,0.0
405,numbering system,[97],1,0.2293144208037825,0.2293144208037825,0.0
406,flamsteed designation,[97],1,0.2293144208037825,0.2293144208037825,0.0
407,international astronomical union,[98 99],2,0.23286052009456265,0.23286052009456265,0.001182033096926714
408,iau,[ 98 101 105 106 108],5,0.24491725768321512,0.24822695035460993,0.008536865288542689
409,celestial body,[98],1,0.23167848699763594,0.23167848699763594,0.0
410,authority,[98],1,0.23167848699763594,0.23167848699763594,0.0
411,working group,[99],1,0.23404255319148937,0.23404255319148937,0.0
412,wgsn,[99],1,0.23404255319148937,0.23404255319148937,0.0
413,catalog,[99],1,0.23404255319148937,0.23404255319148937,0.0
414,british library,[100],1,0.2364066193853428,0.2364066193853428,0.0
415,commercial enterprise,[100],1,0.2364066193853428,0.2364066193853428,0.0
416,private company,[100],1,0.2364066193853428,0.2364066193853428,0.0
417,commercial practice,[101],1,0.23877068557919623,0.23877068557919623,0.0
418,professional astronomer,[101],1,0.23877068557919623,0.23877068557919623,0.0
419,amateur astronomy community,[101],1,0.23877068557919623,0.23877068557919623,0.0
420,deceptive practice,[102],1,0.24113475177304963,0.24113475177304963,0.0
421,assigned name,[102],1,0.24113475177304963,0.24113475177304963,0.0
422,international star registry,[102],1,0.24113475177304963,0.24113475177304963,0.0
423,star-naming company,[102],1,0.24113475177304963,0.24113475177304963,0.0
424,violation,[103],1,0.24349881796690306,0.24349881796690306,0.0
425,deceptive trade practice,[103],1,0.24349881796690306,0.24349881796690306,0.0
426,fraud,[103],1,0.24349881796690306,0.24349881796690306,0.0
427,consumer affair,[103],1,0.24349881796690306,0.24349881796690306,0.0
428,now-discontinued isr practice,[103],1,0.24349881796690306,0.24349881796690306,0.0
429,isr,[103],1,0.24349881796690306,0.24349881796690306,0.0
430,scam,[103],1,0.24349881796690306,0.24349881796690306,0.0
431,new york city department,[103],1,0.24349881796690306,0.24349881796690306,0.0
432,radius,[104 106 107 164 277 292 312 318 365],9,0.5371683740478067,0.6548463356973995,0.23563514198201801
433,si unit,[104],1,0.2458628841607565,0.2458628841607565,0.0
434,cgs unit,[104],1,0.2458628841607565,0.2458628841607565,0.0
435,stellar parameter,[104 105 106],3,0.24822695035460993,0.24822695035460993,0.0019302519643681466
436,characteristic,[104],1,0.2458628841607565,0.2458628841607565,0.0
437,solar unit,[104],1,0.2458628841607565,0.2458628841607565,0.0
438,solar value,[105],1,0.24822695035460993,0.24822695035460993,0.0
439,constant g,[105 106],2,0.24940898345153664,0.24940898345153664,0.001182033096926714
440,set,[105],1,0.24822695035460993,0.24822695035460993,0.0
441,solar mass,[105 106 169 275],4,0.3871158392434988,0.32505910165484636,0.16374785168080347
442,uncertainty,[105 224],2,0.3888888888888889,0.3888888888888889,0.14066193853427897
443,relative uncertainty,[105],1,0.24822695035460993,0.24822695035460993,0.0
444,si constant,[105],1,0.24822695035460993,0.24822695035460993,0.0
445,future,[106],1,0.25059101654846333,0.25059101654846333,0.0
446,product,[106 301],2,0.48108747044917255,0.48108747044917255,0.23049645390070922
447,codata estimate,[106],1,0.25059101654846333,0.25059101654846333,0.0
448,observational uncertainty,[106],1,0.25059101654846333,0.25059101654846333,0.0
449,same si value,[106],1,0.25059101654846333,0.25059101654846333,0.0
450,mass parameter,[106],1,0.25059101654846333,0.25059101654846333,0.0
451,gravitational constant,[106],1,0.25059101654846333,0.25059101654846333,0.0
452,kg,[106],1,0.25059101654846333,0.25059101654846333,0.0
453,solar mass parameter,[106],1,0.25059101654846333,0.25059101654846333,0.0
454,great precision,[106],1,0.25059101654846333,0.25059101654846333,0.0
455,nominal constant,[106],1,0.25059101654846333,0.25059101654846333,0.0
456,useful measure,[106],1,0.25059101654846333,0.25059101654846333,0.0
457,exact value,[106],1,0.25059101654846333,0.25059101654846333,0.0
458,term,[107 228 293 326],4,0.5638297872340425,0.6158392434988179,0.19789436992362644
459,km,[107 240 404],3,0.5918045705279749,0.5673758865248227,0.28716241982134366
460,mile,[107],1,0.25295508274231676,0.25295508274231676,0.0
461,mean distance,[107],1,0.25295508274231676,0.25295508274231676,0.0
462,giant star,[107 278 323 379],4,0.642434988179669,0.710401891252955,0.2402487721679541
463,large length,[107],1,0.25295508274231676,0.25295508274231676,0.0
464,semi-major axis,[107],1,0.25295508274231676,0.25295508274231676,0.0
465,meter,[108],1,0.2553191489361702,0.2553191489361702,0.0
466,m,[108 334 348 349 359],5,0.708274231678487,0.8226950354609929,0.22725845910362577
467,exact length,[108],1,0.2553191489361702,0.2553191489361702,0.0
468,astronomical constant,[108],1,0.2553191489361702,0.2553191489361702,0.0
469,region,[109 118 119 198 253 257 389 390 392 401],10,0.6208037825059102,0.6028368794326241,0.2772379443336295
470,high matter density,[109],1,0.2576832151300236,0.2576832151300236,0.0
471,vacuum chamber,[109],1,0.2576832151300236,0.2576832151300236,0.0
472,star condense,[109],1,0.2576832151300236,0.2576832151300236,0.0
473,percent helium,[110],1,0.26004728132387706,0.26004728132387706,0.0
474,molecular,[110],1,0.26004728132387706,0.26004728132387706,0.0
475,few percent,[110],1,0.26004728132387706,0.26004728132387706,0.0
476,example,[111 139 265 282 290 320 334 359 392 420],10,0.6884160756501182,0.7210401891252955,0.2247947272131351
477,star-forming region,[111],1,0.2624113475177305,0.2624113475177305,0.0
478,orion nebula,[111],1,0.2624113475177305,0.2624113475177305,0.0
479,group,[112 113 368 370],4,0.5691489361702128,0.5685579196217494,0.3031972497021909
480,most star,[112 130 141 213 223 237 397],7,0.49071259709557585,0.5035460992907801,0.2125777138024537
481,dozen,[112],1,0.2647754137115839,0.2647754137115839,0.0
482,massive star,[113 117 118 127 147 171 173 175 184 225 269 418],12,0.44070133963750985,0.4066193853427896,0.19597870707169038
483,h ii region,[113],1,0.26713947990543735,0.26713947990543735,0.0
484,cloud,[113 114 118 120 127 132],6,0.285263987391647,0.28132387706855794,0.01613040936994383
485,such feedback effect,[114],1,0.2695035460992908,0.2695035460992908,0.0
486,further star formation,[114],1,0.2695035460992908,0.2695035460992908,0.0
487,prevent,[114],1,0.2695035460992908,0.2695035460992908,0.0
488,main sequence star,[115 221 278 285 292 298 356 380 393 403 414 421],12,0.7596532702915682,0.7730496453900709,0.20723557016809707
489,existence,[115 136 406],3,0.5177304964539007,0.3215130023640662,0.31325438205443906
490,majority,[115 210],2,0.38416075650118203,0.38416075650118203,0.11229314420803782
491,different mass,[116],1,0.27423167848699764,0.27423167848699764,0.0
492,markedly different property,[116],1,0.27423167848699764,0.27423167848699764,0.0
493,various stage,[116],1,0.27423167848699764,0.27423167848699764,0.0
494,ultimate fate,[117],1,0.2765957446808511,0.2765957446808511,0.0
495,impact,[117],1,0.2765957446808511,0.2765957446808511,0.0
496,more massive star differs,[117],1,0.2765957446808511,0.2765957446808511,0.0
497,compression,[118],1,0.2789598108747045,0.2789598108747045,0.0
498,high,[118],1,0.2789598108747045,0.2789598108747045,0.0
499,gravitational instability,[118],1,0.2789598108747045,0.2789598108747045,0.0
500,interstellar medium,[118 196 409],3,0.5697399527186762,0.46335697399527187,0.2907513103390825
501,often group star,[118],1,0.2789598108747045,0.2789598108747045,0.0
502,radiation,[118 127 179 291],4,0.42257683215130026,0.3617021276595745,0.16279797305956642
503,molecular cloud,[118 157 252],3,0.4152876280535855,0.37115839243498816,0.13303810366130947
504,bubble,[118],1,0.2789598108747045,0.2789598108747045,0.0
505,starburst galaxy,[118],1,0.2789598108747045,0.2789598108747045,0.0
506,collision,[118 218 219 269],4,0.48699763593380613,0.516548463356974,0.1296254379551324
507,criterion,[119],1,0.28132387706855794,0.28132387706855794,0.0
508,sufficient density,[119],1,0.28132387706855794,0.28132387706855794,0.0
509,jean instability,[119],1,0.28132387706855794,0.28132387706855794,0.0
510,matter,[119 192 193],3,0.3971631205673759,0.45390070921985815,0.08191640028315886
511,gravitational force,[119 377],2,0.5862884160756501,0.5862884160756501,0.3049645390070922
512,dense dust,[120],1,0.28368794326241137,0.28368794326241137,0.0
513,gas form,[120],1,0.28368794326241137,0.28368794326241137,0.0
514,individual conglomeration,[120],1,0.28368794326241137,0.28368794326241137,0.0
515,bok globule,[120],1,0.28368794326241137,0.28368794326241137,0.0
516,heat,[121],1,0.2860520094562648,0.2860520094562648,0.0
517,gravitational energy convert,[121],1,0.2860520094562648,0.2860520094562648,0.0
518,density increase,[121],1,0.2860520094562648,0.2860520094562648,0.0
519,globule collapse,[121],1,0.2860520094562648,0.2860520094562648,0.0
520,protostar form,[122],1,0.28841607565011823,0.28841607565011823,0.0
521,protostellar cloud,[122],1,0.28841607565011823,0.28841607565011823,0.0
522,stable condition,[122],1,0.28841607565011823,0.28841607565011823,0.0
523,hydrostatic equilibrium,[122 376 386],3,0.6966115051221434,0.8888888888888888,0.28879906706406483
524,protoplanetary disk,[123],1,0.2907801418439716,0.2907801418439716,0.0
525,gravitational energy,[123],1,0.2907801418439716,0.2907801418439716,0.0
526,pre-main-sequence star,[123],1,0.2907801418439716,0.2907801418439716,0.0
527,conversion,[123],1,0.2907801418439716,0.2907801418439716,0.0
528,period,[124 264 365 375],4,0.6666666666666666,0.7434988179669031,0.238835045044249
529,gravitational contraction,[124],1,0.29314420803782504,0.29314420803782504,0.0
530,great mass,[125],1,0.29550827423167847,0.29550827423167847,0.0
531,herbig star,[125],1,0.29550827423167847,0.29550827423167847,0.0
532,t tauri star,[125],1,0.29550827423167847,0.29550827423167847,0.0
533,object,[126 237],2,0.42907801418439717,0.42907801418439717,0.13120567375886524
534,axis,[126],1,0.2978723404255319,0.2978723404255319,0.0
535,nebulosity,[126],1,0.2978723404255319,0.2978723404255319,0.0
536,jet,[126 127],2,0.2990543735224586,0.2990543735224586,0.001182033096926714
537,gas,[126 140 179 327],4,0.4562647754137116,0.37706855791962174,0.18857040346978507
538,small patch,[126],1,0.2978723404255319,0.2978723404255319,0.0
539,angular momentum,[126 131 132 133 288],5,0.3829787234042553,0.3120567375886525,0.14904495258030623
540,hayashi contract,[128],1,0.30260047281323876,0.30260047281323876,0.0
541,same temperature,[128],1,0.30260047281323876,0.30260047281323876,0.0
542,t tauri,[128],1,0.30260047281323876,0.30260047281323876,0.0
543,decrease,[128],1,0.30260047281323876,0.30260047281323876,0.0
544,henyey track,[129],1,0.3049645390070922,0.3049645390070922,0.0
545,more massive star,[129 165 417],3,0.5602836879432624,0.3900709219858156,0.30289583693705846
546,track,[129],1,0.3049645390070922,0.3049645390070922,0.0
547,less massive t tauri,[129],1,0.3049645390070922,0.3049645390070922,0.0
548,binary,[130 134 135 374 375],5,0.542789598108747,0.3191489361702128,0.2797224818977577
549,member,[130],1,0.3073286052009456,0.3073286052009456,0.0
550,condition,[130],1,0.3073286052009456,0.3073286052009456,0.0
551,order,[131 349 352 379],4,0.7157210401891253,0.8286052009456265,0.23604212444572573
552,collapse,[131],1,0.30969267139479906,0.30969267139479906,0.0
553,a gas cloud,[131],1,0.30969267139479906,0.30969267139479906,0.0
554,fragmentation,[132],1,0.3120567375886525,0.3120567375886525,0.0
555,multiple star,[132],1,0.3120567375886525,0.3120567375886525,0.0
556,stellar cluster,[133],1,0.3144208037825059,0.3144208037825059,0.0
557,close encounter,[133],1,0.3144208037825059,0.3144208037825059,0.0
558,primordial binary,[133],1,0.3144208037825059,0.3144208037825059,0.0
559,hard binary,[134],1,0.31678486997635935,0.31678486997635935,0.0
560,interaction,[134],1,0.31678486997635935,0.31678486997635935,0.0
561,separation,[135],1,0.3191489361702128,0.3191489361702128,0.0
562,observed population distribution,[135],1,0.3191489361702128,0.3191489361702128,0.0
563,high-pressure reaction,[136],1,0.3215130023640662,0.3215130023640662,0.0
564,high-temperature,[136],1,0.3215130023640662,0.3215130023640662,0.0
565,dwarf star,[137 322],2,0.5425531914893617,0.5425531914893617,0.2186761229314421
566,zero-age,[138],1,0.3262411347517731,0.3262411347517731,0.0
567,proportion,[138 212 383],3,0.5776201733648543,0.5011820330969267,0.24255467638669265
568,rate,[138 145 249 256 262 283 287 289 292 296],10,0.590307328605201,0.6442080378250591,0.1329103580502815
569,increase,[138],1,0.3262411347517731,0.3262411347517731,0.0
570,stellar wind,[140 156 196 262 288 302 409],7,0.5920297196892941,0.6193853427895981,0.20652738785969885
571,every star,[140],1,0.3309692671394799,0.3309692671394799,0.0
572,particle,[140],1,0.3309692671394799,0.3309692671394799,0.0
573,continual outflow,[140],1,0.3309692671394799,0.3309692671394799,0.0
574,mass lost,[141],1,0.3333333333333333,0.3333333333333333,0.0
575,entire lifespan,[142],1,0.33569739952718675,0.33569739952718675,0.0
576,very massive star,[143],1,0.3380614657210402,0.3380614657210402,0.0
577,amount,[145 256 316 420],4,0.6719858156028369,0.6761229314420804,0.2352951116105251
578,fuel,[145 147 148 156 226],5,0.38865248226950355,0.34988179669030733,0.07334855871686749
579,low mass star,[148 150],2,0.35224586288416077,0.35224586288416077,0.002364066193853428
580,red dwarf,[149 151 212 213 226 342],6,0.5094562647754137,0.5023640661938534,0.15172290008071737
581,usable fuel supply,[150],1,0.3546099290780142,0.3546099290780142,0.0
582,slow fuel-consumption,[150],1,0.3546099290780142,0.3546099290780142,0.0
583,hotter,[151],1,0.35697399527186763,0.35697399527186763,0.0
584,contract,[152],1,0.35933806146572106,0.35933806146572106,0.0
585,decline,[152],1,0.35933806146572106,0.35933806146572106,0.0
586,lifespan,[153 222 225 266],4,0.5118203309692672,0.5283687943262412,0.09591963701498037
587,current age,[153],1,0.3617021276595745,0.3617021276595745,0.0
588,significant role,[154],1,0.3640661938534279,0.3640661938534279,0.0
589,metal,[155 359],2,0.607565011820331,0.607565011820331,0.24113475177304963
590,chemical concentration,[155],1,0.3664302600472813,0.3664302600472813,0.0
591,magnetic field,[156 253 254 255 257 261 262 285],8,0.5859929078014184,0.6052009456264775,0.08519201677460404
592,population ii star,[157 250],2,0.48108747044917255,0.48108747044917255,0.1099290780141844
593,substantially less metallicity,[157],1,0.37115839243498816,0.37115839243498816,0.0
594,older,[157],1,0.37115839243498816,0.37115839243498816,0.0
595,population,[157],1,0.37115839243498816,0.37115839243498816,0.0
596,composition,[157 256 270 411],4,0.6465721040189125,0.6217494089834515,0.21406550852115924
597,old star,[158 224 263],3,0.508274231678487,0.5295508274231678,0.10244892992917472
598,such cloud,[158],1,0.3735224586288416,0.3735224586288416,0.0
599,shed portion,[158],1,0.3735224586288416,0.3735224586288416,0.0
600,helium core,[159 163 396],3,0.5657998423955871,0.38534278959810875,0.26191985246392924
601,supply,[159],1,0.375886524822695,0.375886524822695,0.0
602,outer layer,[160 189 302 305 306 394 395 406],8,0.726063829787234,0.7222222222222222,0.20588572777334402
603,astronomical unit,[161],1,0.3806146572104019,0.3806146572104019,0.0
604,current mass,[161],1,0.3806146572104019,0.3806146572104019,0.0
605,maximum radius,[161],1,0.3806146572104019,0.3806146572104019,0.0
606,helium burning phase,[161],1,0.3806146572104019,0.3806146572104019,0.0
607,present size,[161],1,0.3806146572104019,0.3806146572104019,0.0
608,kilometre,[161 214 215 405],4,0.5880614657210402,0.5070921985815603,0.21942797717914853
609,sun enters,[161],1,0.3806146572104019,0.3806146572104019,0.0
610,more helium,[162],1,0.3829787234042553,0.3829787234042553,0.0
611,produce,[162],1,0.3829787234042553,0.3829787234042553,0.0
612,hydrogen shell,[162],1,0.3829787234042553,0.3829787234042553,0.0
613,core increase,[162],1,0.3829787234042553,0.3829787234042553,0.0
614,fusion,[163 173 176 184],4,0.41134751773049644,0.41252955082742315,0.01776985387514528
615,surface temperature,[164 292 297 298 299 310 318 349],8,0.6876477541371159,0.7056737588652482,0.12034953144461676
616,move,[164],1,0.3877068557919622,0.3877068557919622,0.0
617,helium fusion,[164],1,0.3877068557919622,0.3877068557919622,0.0
618,hr diagram,[164],1,0.3877068557919622,0.3877068557919622,0.0
619,helium flash,[164],1,0.3877068557919622,0.3877068557919622,0.0
620,horizontal branch,[164 165],2,0.3888888888888889,0.3888888888888889,0.001182033096926714
621,outer,[165 258],2,0.5,0.5,0.1099290780141844
622,helium core fusion,[165],1,0.3900709219858156,0.3900709219858156,0.0
623,red clump,[165],1,0.3900709219858156,0.3900709219858156,0.0
624,convective envelope collapse,[165],1,0.3900709219858156,0.3900709219858156,0.0
625,carbon product,[166],1,0.39243498817966904,0.39243498817966904,0.0
626,outer shell,[166 179],2,0.4078014184397163,0.4078014184397163,0.015366430260047281
627,hot core,[166],1,0.39243498817966904,0.39243498817966904,0.0
628,asymptotic giant branch,[167],1,0.3947990543735225,0.3947990543735225,0.0
629,agb,[167],1,0.3947990543735225,0.3947990543735225,0.0
630,evolutionary path,[167],1,0.3947990543735225,0.3947990543735225,0.0
631,high luminosity,[167 300],2,0.5520094562647754,0.5520094562647754,0.15721040189125296
632,giant phase,[167],1,0.3947990543735225,0.3947990543735225,0.0
633,carbon fusion,[168],1,0.3971631205673759,0.3971631205673759,0.0
634,brief period,[168],1,0.3971631205673759,0.3971631205673759,0.0
635,more massive agb star,[168],1,0.3971631205673759,0.3971631205673759,0.0
636,degenerate,[168 278],2,0.5271867612293144,0.5271867612293144,0.13002364066193853
637,helium-burning phase,[169],1,0.39952718676122934,0.39952718676122934,0.0
638,blue,[169],1,0.39952718676122934,0.39952718676122934,0.0
639,red supergiant,[169],1,0.39952718676122934,0.39952718676122934,0.0
640,wolf-rayet star,[170 368],2,0.6359338061465721,0.6359338061465721,0.23404255319148937
641,strong convection,[170],1,0.40189125295508277,0.40189125295508277,0.0
642,surface,[170 179 258 294 321],5,0.5777777777777778,0.6099290780141844,0.1431195598912073
643,intense mass loss,[170],1,0.40189125295508277,0.40189125295508277,0.0
644,emission line,[170 359],2,0.6252955082742316,0.6252955082742316,0.22340425531914893
645,particularly massive star,[170],1,0.40189125295508277,0.40189125295508277,0.0
646,core contract,[171],1,0.40425531914893614,0.40425531914893614,0.0
647,carbon,[171 417 418],3,0.7927501970055161,0.9858156028368794,0.27470905796598877
648,pressure,[171 380],2,0.6513002364066194,0.6513002364066194,0.2470449172576832
649,carbon-burning process,[171],1,0.40425531914893614,0.40425531914893614,0.0
650,neon-burning process,[172 418],2,0.6973995271867612,0.6973995271867612,0.2907801418439716
651,successive stage,[172],1,0.4066193853427896,0.4066193853427896,0.0
652,oxygen,[172],1,0.4066193853427896,0.4066193853427896,0.0
653,neon,[172],1,0.4066193853427896,0.4066193853427896,0.0
654,oxygen-burning process,[172 418],2,0.6973995271867612,0.6973995271867612,0.2907801418439716
655,silicon,[172],1,0.4066193853427896,0.4066193853427896,0.0
656,silicon-burning process,[172 419],2,0.6985815602836879,0.6985815602836879,0.2919621749408983
657,onion-layer shell,[173],1,0.408983451536643,0.408983451536643,0.0
658,outermost shell,[174],1,0.41134751773049644,0.41134751773049644,0.0
659,next shell,[174],1,0.41134751773049644,0.41134751773049644,0.0
660,different element,[174],1,0.41134751773049644,0.41134751773049644,0.0
661,final stage,[175 419],2,0.7021276595744681,0.7021276595744681,0.28841607565011823
662,iron,[175 176 228 231],4,0.4787234042553192,0.47754137115839246,0.06388448755022062
663,heavy nucleus,[176],1,0.4160756501182033,0.4160756501182033,0.0
664,net release,[176],1,0.4160756501182033,0.4160756501182033,0.0
665,iron nucleus,[176],1,0.4160756501182033,0.4160756501182033,0.0
666,process proceeds,[177],1,0.41843971631205673,0.41843971631205673,0.0
667,very limited degree,[177],1,0.41843971631205673,0.41843971631205673,0.0
668,such energy,[178],1,0.42080378250591016,0.42080378250591016,0.0
669,light nucleus,[178],1,0.42080378250591016,0.42080378250591016,0.0
670,fission,[178],1,0.42080378250591016,0.42080378250591016,0.0
671,intensity,[179],1,0.4231678486997636,0.4231678486997636,0.0
672,core shrink,[179],1,0.4231678486997636,0.4231678486997636,0.0
673,layer,[179 388 399],3,0.7612293144208038,0.91725768321513,0.23928118386172556
674,such radiation pressure,[179],1,0.4231678486997636,0.4231678486997636,0.0
675,planetary nebula,[179],1,0.4231678486997636,0.4231678486997636,0.0
676,size,[180 222 240 287 365],5,0.6118203309692671,0.5673758865248227,0.1494822814489387
677,outer atmosphere,[180],1,0.425531914893617,0.425531914893617,0.0
678,place,[181 411],2,0.6997635933806147,0.6997635933806147,0.2718676122931442
679,gravitational compression,[181],1,0.42789598108747046,0.42789598108747046,0.0
680,white,[181],1,0.42789598108747046,0.42789598108747046,0.0
681,plasma,[182 259 378 382 390 391 399],7,0.8041202296521446,0.9030732860520094,0.18596407567343134
682,electron-degenerate matter,[182],1,0.4302600472813239,0.4302600472813239,0.0
683,sphere,[182],1,0.4302600472813239,0.4302600472813239,0.0
684,white dwarf fade,[183],1,0.4326241134751773,0.4326241134751773,0.0
685,black dwarf,[183],1,0.4326241134751773,0.4326241134751773,0.0
686,very long period,[183],1,0.4326241134751773,0.4326241134751773,0.0
687,iron core,[184],1,0.43498817966903075,0.43498817966903075,0.0
688,own mass,[184],1,0.43498817966903075,0.43498817966903075,0.0
689,proton,[185 302],2,0.5756501182033097,0.5756501182033097,0.13829787234042554
690,electron capture,[185],1,0.4373522458628842,0.4373522458628842,0.0
691,gamma ray,[185 308 381],3,0.6887312844759653,0.7281323877068558,0.19120539835365916
692,neutron,[185],1,0.4373522458628842,0.4373522458628842,0.0
693,neutrino,[185 415],2,0.7092198581560284,0.7092198581560284,0.2718676122931442
694,inverse beta decay,[185],1,0.4373522458628842,0.4373522458628842,0.0
695,electron,[185],1,0.4373522458628842,0.4373522458628842,0.0
696,burst,[185 260],2,0.5260047281323877,0.5260047281323877,0.08865248226950355
697,rest,[186],1,0.4397163120567376,0.4397163120567376,0.0
698,shockwave,[186],1,0.4397163120567376,0.4397163120567376,0.0
699,sudden collapse,[186],1,0.4397163120567376,0.4397163120567376,0.0
700,entire home galaxy,[187],1,0.44208037825059104,0.44208037825059104,0.0
701,none,[188],1,0.4444444444444444,0.4444444444444444,0.0
702,naked-eye observer,[188],1,0.4444444444444444,0.4444444444444444,0.0
703,remnant,[189 191],2,0.4491725768321513,0.4491725768321513,0.002364066193853428
704,a,[189 344 349 375],4,0.7429078014184397,0.8191489361702128,0.17320213636778034
705,supernova explosion,[189],1,0.44680851063829785,0.44680851063829785,0.0
706,pulsar,[190 289 290 291],4,0.6264775413711584,0.6843971631205674,0.10238071703797863
707,x-ray burster,[190],1,0.4491725768321513,0.4491725768321513,0.0
708,large star,[191 196],2,0.4574468085106383,0.4574468085106383,0.00591016548463357
709,state,[192 193 376],3,0.5996847911741529,0.4562647754137116,0.20450045607689676
710,more exotic form,[192],1,0.45390070921985815,0.45390070921985815,0.0
711,qcd matter,[192],1,0.45390070921985815,0.45390070921985815,0.0
712,neutron-degenerate matter,[192],1,0.45390070921985815,0.45390070921985815,0.0
713,blown-off outer layer,[194],1,0.458628841607565,0.458628841607565,0.0
714,rocky planet,[195],1,0.46099290780141844,0.46099290780141844,0.0
715,important part,[196],1,0.46335697399527187,0.46335697399527187,0.0
716,outflow,[196],1,0.46335697399527187,0.46335697399527187,0.0
717,single star,[197 314],2,0.6040189125295509,0.6040189125295509,0.13829787234042554
718,same mass,[197],1,0.4657210401891253,0.4657210401891253,0.0
719,roche lobe,[198 199],2,0.46926713947990545,0.46926713947990545,0.001182033096926714
720,binary system,[198 269 313],3,0.6146572104018913,0.6359338061465721,0.11200452311805914
721,variety,[199 350],2,0.648936170212766,0.648936170212766,0.17848699763593381
722,phenomenon,[199],1,0.47044917257683216,0.47044917257683216,0.0
723,cataclysmic variable,[199],1,0.47044917257683216,0.47044917257683216,0.0
724,type ia supernova,[199],1,0.47044917257683216,0.47044917257683216,0.0
725,contact binary,[199],1,0.47044917257683216,0.47044917257683216,0.0
726,common-envelope binary,[199],1,0.47044917257683216,0.47044917257683216,0.0
727,dust,[200],1,0.4728132387706856,0.4728132387706856,0.0
728,interstellar gas,[200],1,0.4728132387706856,0.4728132387706856,0.0
729,observable universe,[201 202],2,0.47635933806146574,0.47635933806146574,0.001182033096926714
730,typical galaxy,[201],1,0.475177304964539,0.475177304964539,0.0
731,billion,[201 226],2,0.5047281323877069,0.5047281323877069,0.02955082742316785
732,estimate,[202],1,0.47754137115839246,0.47754137115839246,0.0
733,intergalactic star,[203],1,0.4799054373522459,0.4799054373522459,0.0
734,multi-star system,[204 206],2,0.4846335697399527,0.4846335697399527,0.002364066193853428
735,gravitationally bound star,[204],1,0.48226950354609927,0.48226950354609927,0.0
736,system,[205 353],2,0.6595744680851063,0.6595744680851063,0.17494089834515367
737,most common multi-star system,[205],1,0.4846335697399527,0.4846335697399527,0.0
738,reason,[206],1,0.48699763593380613,0.48699763593380613,0.0
739,hierarchical set,[206],1,0.48699763593380613,0.48699763593380613,0.0
740,orbital stability,[206],1,0.48699763593380613,0.48699763593380613,0.0
741,larger group,[207],1,0.48936170212765956,0.48936170212765956,0.0
742,stellar association,[208 252],2,0.5437352245862884,0.5437352245862884,0.05200945626477541
743,range,[208 355],2,0.66548463356974,0.66548463356974,0.17375886524822695
744,enormous globular cluster,[208],1,0.491725768321513,0.491725768321513,0.0
745,few star,[208],1,0.491725768321513,0.491725768321513,0.0
746,host galaxy,[209],1,0.4940898345153664,0.4940898345153664,0.0
747,such system,[209],1,0.4940898345153664,0.4940898345153664,0.0
748,multiple-star system,[210 211],2,0.49763593380614657,0.49763593380614657,0.001182033096926714
749,long-held assumption,[210],1,0.49645390070921985,0.49645390070921985,0.0
750,b class star,[211],1,0.4988179669030733,0.4988179669030733,0.0
751,very massive o,[211],1,0.4988179669030733,0.4988179669030733,0.0
752,stellar companion,[212],1,0.5011820330969267,0.5011820330969267,0.0
753,star mass,[212],1,0.5011820330969267,0.5011820330969267,0.0
754,single star system,[212],1,0.5011820330969267,0.5011820330969267,0.0
755,proxima centauri,[214],1,0.5059101654846335,0.5059101654846335,0.0
756,orbital speed,[215],1,0.508274231678487,0.508274231678487,0.0
757,space shuttle,[215],1,0.508274231678487,0.508274231678487,0.0
758,hour,[215],1,0.508274231678487,0.508274231678487,0.0
759,stellar separation,[216],1,0.5106382978723404,0.5106382978723404,0.0
760,galactic disc,[216],1,0.5106382978723404,0.5106382978723404,0.0
761,centre,[217],1,0.5130023640661938,0.5130023640661938,0.0
762,globular cluster,[217 219],2,0.5153664302600472,0.5153664302600472,0.002364066193853428
763,galactic halo,[217],1,0.5130023640661938,0.5130023640661938,0.0
764,relatively vast distance,[218],1,0.5153664302600472,0.5153664302600472,0.0
765,galactic nucleus,[218],1,0.5153664302600472,0.5153664302600472,0.0
766,denser region,[219],1,0.5177304964539007,0.5177304964539007,0.0
767,galactic center,[219],1,0.5177304964539007,0.5177304964539007,0.0
768,blue straggler,[220],1,0.5200945626477541,0.5200945626477541,0.0
769,such collision,[220],1,0.5200945626477541,0.5200945626477541,0.0
770,high surface temperature,[221],1,0.5224586288416075,0.5224586288416075,0.0
771,abnormal star,[221],1,0.5224586288416075,0.5224586288416075,0.0
772,same luminosity,[221 293],2,0.607565011820331,0.607565011820331,0.0851063829787234
773,initial mass,[222],1,0.524822695035461,0.524822695035461,0.0
774,such characteristic,[222],1,0.524822695035461,0.524822695035461,0.0
775,almost everything,[222],1,0.524822695035461,0.524822695035461,0.0
776,observed age,[223],1,0.5271867612293144,0.5271867612293144,0.0
777,methuselah star,[224],1,0.5295508274231678,0.5295508274231678,0.0
778,due,[224 234],2,0.541371158392435,0.541371158392435,0.01182033096926714
779,hd,[224],1,0.5295508274231678,0.5295508274231678,0.0
780,planck satellite,[224],1,0.5295508274231678,0.5295508274231678,0.0
781,value,[224],1,0.5295508274231678,0.5295508274231678,0.0
782,great pressure,[225],1,0.5319148936170213,0.5319148936170213,0.0
783,shorter,[225],1,0.5319148936170213,0.5319148936170213,0.0
784,last ten,[226],1,0.5342789598108747,0.5342789598108747,0.0
785,most massive star,[226 266],2,0.5815602836879432,0.5815602836879432,0.04728132387706856
786,minimum mass,[226 274],2,0.5910165484633569,0.5910165484633569,0.05673758865248227
787,average,[226],1,0.5342789598108747,0.5342789598108747,0.0
788,present milky way,[227],1,0.5366430260047281,0.5366430260047281,0.0
789,small fraction,[227],1,0.5366430260047281,0.5366430260047281,0.0
790,common element,[228],1,0.5390070921985816,0.5390070921985816,0.0
791,absorption line,[228 279],2,0.599290780141844,0.599290780141844,0.06028368794326241
792,iron content,[228 230],2,0.541371158392435,0.541371158392435,0.002364066193853428
793,stellar,[228],1,0.5390070921985816,0.5390070921985816,0.0
794,planetary system,[229],1,0.541371158392435,0.541371158392435,0.0
795,indicator,[229],1,0.541371158392435,0.541371158392435,0.0
796,likelihood,[229],1,0.541371158392435,0.541371158392435,0.0
797,low iron content,[230],1,0.5437352245862884,0.5437352245862884,0.0
798,dwarf he1327-2326,[230],1,0.5437352245862884,0.5437352245862884,0.0
799,herculis,[231],1,0.5460992907801419,0.5460992907801419,0.0
800,contrast,[231 284],2,0.6087470449172577,0.6087470449172577,0.06264775413711583
801,planet-bearing star,[231],1,0.5460992907801419,0.5460992907801419,0.0
802,super-metal-rich star leonis,[231],1,0.5460992907801419,0.5460992907801419,0.0
803,abundance,[231],1,0.5460992907801419,0.5460992907801419,0.0
804,especially chromium,[232],1,0.5484633569739953,0.5484633569739953,0.0
805,certain element,[232],1,0.5484633569739953,0.5484633569739953,0.0
806,rare earth element,[232],1,0.5484633569739953,0.5484633569739953,0.0
807,unusual abundance,[232],1,0.5484633569739953,0.5484633569739953,0.0
808,chemically peculiar star,[232],1,0.5484633569739953,0.5484633569739953,0.0
809,polyatomic molecule,[233],1,0.5508274231678487,0.5508274231678487,0.0
810,cooler outer atmosphere,[233],1,0.5508274231678487,0.5508274231678487,0.0
811,great distance,[234],1,0.5531914893617021,0.5531914893617021,0.0
812,point,[234],1,0.5531914893617021,0.5531914893617021,0.0
813,unaided eye,[234],1,0.5531914893617021,0.5531914893617021,0.0
814,daylight,[235],1,0.5555555555555556,0.5555555555555556,0.0
815,disk,[235 237],2,0.557919621749409,0.557919621749409,0.002364066193853428
816,arcsecond,[236],1,0.557919621749409,0.557919621749409,0.0
817,apparent size,[236],1,0.557919621749409,0.557919621749409,0.0
818,angular diameter,[236 239],2,0.5614657210401891,0.5614657210401891,0.0035460992907801418
819,r doradus,[236],1,0.557919621749409,0.557919621749409,0.0
820,optical telescope,[237],1,0.5602836879432624,0.5602836879432624,0.0
821,angular size,[237 238],2,0.5614657210401891,0.5614657210401891,0.001182033096926714
822,image,[237],1,0.5602836879432624,0.5602836879432624,0.0
823,so interferometer telescope,[237],1,0.5602836879432624,0.5602836879432624,0.0
824,technique,[238],1,0.5626477541371159,0.5626477541371159,0.0
825,occultation,[238],1,0.5626477541371159,0.5626477541371159,0.0
826,rise,[239],1,0.5650118203309693,0.5650118203309693,0.0
827,brightness,[239 324 334],3,0.706855791962175,0.7659574468085106,0.10076211073715068
828,drop,[239],1,0.5650118203309693,0.5650118203309693,0.0
829,moon,[239 343],2,0.6879432624113475,0.6879432624113475,0.12293144208037825
830,mi,[240 404],2,0.7612293144208038,0.7612293144208038,0.1938534278959811
831,betelgeuse,[240 241],2,0.5685579196217494,0.5685579196217494,0.001182033096926714
832,star range,[240],1,0.5673758865248227,0.5673758865248227,0.0
833,supergiant,[240],1,0.5673758865248227,0.5673758865248227,0.0
834,orion constellation,[240],1,0.5673758865248227,0.5673758865248227,0.0
835,much low density,[241],1,0.5697399527186762,0.5697399527186762,0.0
836,star relative,[242 249],2,0.5803782505910166,0.5803782505910166,0.008274231678486997
837,origin,[242 252],2,0.5839243498817966,0.5839243498817966,0.01182033096926714
838,structure,[242],1,0.5721040189125296,0.5721040189125296,0.0
839,useful information,[242],1,0.5721040189125296,0.5721040189125296,0.0
840,traverse,[243],1,0.574468085106383,0.574468085106383,0.0
841,star consist,[243],1,0.574468085106383,0.574468085106383,0.0
842,radial velocity,[243 244 247],3,0.578408195429472,0.5768321513002365,0.004018139884627884
843,component,[243 309],2,0.6524822695035462,0.6524822695035462,0.07801418439716312
844,angular movement,[243],1,0.574468085106383,0.574468085106383,0.0
845,unit,[244 245 316 317],4,0.6631205673758865,0.6631205673758865,0.0851145911460742
846,doppler shift,[244],1,0.5768321513002365,0.5768321513002365,0.0
847,parallax,[245 246 311],3,0.631993695823483,0.5815602836879432,0.07300164272982483
848,astrometric measurement,[245],1,0.5791962174940898,0.5791962174940898,0.0
849,milli-arc second,[245],1,0.5791962174940898,0.5791962174940898,0.0
850,ma,[245],1,0.5791962174940898,0.5791962174940898,0.0
851,proper motion velocity,[246],1,0.5815602836879432,0.5815602836879432,0.0
852,knowledge,[246],1,0.5815602836879432,0.5815602836879432,0.0
853,total velocity,[247],1,0.5839243498817966,0.5839243498817966,0.0
854,high rate,[248],1,0.5862884160756501,0.5862884160756501,0.0
855,good candidate,[248],1,0.5862884160756501,0.5862884160756501,0.0
856,space velocity,[249],1,0.5886524822695035,0.5886524822695035,0.0
857,young population,[250],1,0.5910165484633569,0.5910165484633569,0.0
858,nearby star,[250 252],2,0.5933806146572104,0.5933806146572104,0.002364066193853428
859,generally low velocity,[250],1,0.5910165484633569,0.5910165484633569,0.0
860,elliptical orbit,[251],1,0.5933806146572104,0.5933806146572104,0.0
861,latter,[251],1,0.5933806146572104,0.5933806146572104,0.0
862,plane,[251],1,0.5933806146572104,0.5933806146572104,0.0
863,kinematics,[252],1,0.5957446808510638,0.5957446808510638,0.0
864,a comparison,[252],1,0.5957446808510638,0.5957446808510638,0.0
865,common point,[252],1,0.5957446808510638,0.5957446808510638,0.0
866,convective circulation occurs,[253],1,0.5981087470449172,0.5981087470449172,0.0
867,dynamo,[254],1,0.6004728132387707,0.6004728132387707,0.0
868,plasma function,[254],1,0.6004728132387707,0.6004728132387707,0.0
869,mechanical dynamo,[254],1,0.6004728132387707,0.6004728132387707,0.0
870,electrical charge,[254],1,0.6004728132387707,0.6004728132387707,0.0
871,great range,[255],1,0.6028368794326241,0.6028368794326241,0.0
872,magnetic field varies,[256],1,0.6052009456264775,0.6052009456264775,0.0
873,magnetic surface activity,[256],1,0.6052009456264775,0.6052009456264775,0.0
874,surface activity,[257 261 263],3,0.6154452324665091,0.6170212765957447,0.005897017158036156
875,normal surface temperature,[257],1,0.607565011820331,0.607565011820331,0.0
876,starspots,[257 280 321],3,0.6761229314420804,0.6619385342789598,0.06257708966459202
877,magnetic field flux line,[258],1,0.6099290780141844,0.6099290780141844,0.0
878,coronal loop,[258 259],2,0.6111111111111112,0.6111111111111112,0.001182033096926714
879,corona,[258 405 406 407 409],5,0.8912529550827423,0.9598108747044918,0.14069669991835942
880,length,[259],1,0.6122931442080378,0.6122931442080378,0.0
881,high-energy particle,[260],1,0.6146572104018913,0.6146572104018913,0.0
882,stellar flare,[260 403],2,0.7836879432624113,0.7836879432624113,0.1690307328605201
883,magnetic activity,[260],1,0.6146572104018913,0.6146572104018913,0.0
884,young,[261],1,0.6170212765957447,0.6170212765957447,0.0
885,high level,[261],1,0.6170212765957447,0.6170212765957447,0.0
886,brake,[262],1,0.6193853427895981,0.6193853427895981,0.0
887,low level,[263 403],2,0.7872340425531915,0.7872340425531915,0.16548463356973994
888,much slow rate,[263],1,0.6217494089834515,0.6217494089834515,0.0
889,cyclical manner,[264],1,0.624113475177305,0.624113475177305,0.0
890,activity level,[264],1,0.624113475177305,0.624113475177305,0.0
891,70-year period,[265],1,0.6264775413711584,0.6264775413711584,0.0
892,maunder minimum,[265],1,0.6264775413711584,0.6264775413711584,0.0
893,sunspot activity,[265],1,0.6264775413711584,0.6264775413711584,0.0
894,eta carina,[266],1,0.6288416075650118,0.6288416075650118,0.0
895,as much mass,[266],1,0.6288416075650118,0.6288416075650118,0.0
896,current era,[267],1,0.6312056737588653,0.6312056737588653,0.0
897,open cluster,[267],1,0.6312056737588653,0.6312056737588653,0.0
898,upper limit,[267],1,0.6312056737588653,0.6312056737588653,0.0
899,theoretical limit,[268],1,0.6335697399527187,0.6335697399527187,0.0
900,radiation pressure,[268],1,0.6335697399527187,0.6335697399527187,0.0
901,gas cloud,[268],1,0.6335697399527187,0.6335697399527187,0.0
902,empirical value,[268],1,0.6335697399527187,0.6335697399527187,0.0
903,r136 cluster,[269],1,0.6359338061465721,0.6359338061465721,0.0
904,large mass,[269],1,0.6359338061465721,0.6359338061465721,0.0
905,several star,[269],1,0.6359338061465721,0.6359338061465721,0.0
906,merger,[269],1,0.6359338061465721,0.6359338061465721,0.0
907,massive star formation,[269],1,0.6359338061465721,0.6359338061465721,0.0
908,limit,[269],1,0.6359338061465721,0.6359338061465721,0.0
909,large magellanic cloud,[269],1,0.6359338061465721,0.6359338061465721,0.0
910,first star,[270],1,0.6382978723404256,0.6382978723404256,0.0
911,complete absence,[270],1,0.6382978723404256,0.6382978723404256,0.0
912,lithium,[270],1,0.6382978723404256,0.6382978723404256,0.0
913,late formation,[271],1,0.640661938534279,0.640661938534279,0.0
914,chemical element,[271],1,0.640661938534279,0.640661938534279,0.0
915,generation,[271],1,0.640661938534279,0.640661938534279,0.0
916,very early universe,[271],1,0.640661938534279,0.640661938534279,0.0
917,supermassive population iii,[271],1,0.640661938534279,0.640661938534279,0.0
918,production,[271 304 419],3,0.7832939322301024,0.7186761229314421,0.1499686942281131
919,high redshift,[271],1,0.640661938534279,0.640661938534279,0.0
920,population iii star,[272],1,0.6430260047281324,0.6430260047281324,0.0
921,z,[272],1,0.6430260047281324,0.6430260047281324,0.0
922,june,[272],1,0.6430260047281324,0.6430260047281324,0.0
923,cosmos redshift,[272],1,0.6430260047281324,0.6430260047281324,0.0
924,mj,[273 274 275],3,0.6477541371158393,0.6477541371158393,0.0019302519643681466
925,j0523-1403,[273],1,0.6453900709219859,0.6453900709219859,0.0
926,still undergo fusion,[274],1,0.6477541371158393,0.6477541371158393,0.0
927,minimum star size,[275],1,0.6501182033096927,0.6501182033096927,0.0
928,grey area,[276],1,0.6524822695035462,0.6524822695035462,0.0
929,smaller body,[276],1,0.6524822695035462,0.6524822695035462,0.0
930,brown dwarf,[276 351],2,0.7411347517730497,0.7411347517730497,0.08865248226950355
931,gas giant,[276],1,0.6524822695035462,0.6524822695035462,0.0
932,surface gravity,[277 279 310 312 354],5,0.7243498817966902,0.7328605200945626,0.06623774296397375
933,much low surface gravity,[278],1,0.6572104018912529,0.6572104018912529,0.0
934,opposite,[278],1,0.6572104018912529,0.6572104018912529,0.0
935,compact star,[278],1,0.6572104018912529,0.6572104018912529,0.0
936,broadening,[279],1,0.6595744680851063,0.6595744680851063,0.0
937,appearance,[279],1,0.6595744680851063,0.6595744680851063,0.0
938,high gravity,[279],1,0.6595744680851063,0.6595744680851063,0.0
939,rotation rate,[280 291],2,0.6749408983451537,0.6749408983451537,0.013002364066193853
940,spectroscopic measurement,[280],1,0.6619385342789598,0.6619385342789598,0.0
941,equator,[281 282 320],3,0.6958234830575256,0.6666666666666666,0.04291646589185217
942,young star,[281],1,0.6643026004728132,0.6643026004728132,0.0
943,equatorial velocity,[282 284],2,0.6690307328605201,0.6690307328605201,0.002364066193853428
944,equatorial diameter,[282],1,0.6666666666666666,0.6666666666666666,0.0
945,b-class star achernar,[282],1,0.6666666666666666,0.6666666666666666,0.0
946,pole,[282 320],2,0.7115839243498818,0.7115839243498818,0.04491725768321513
947,critical velocity,[283],1,0.6690307328605201,0.6690307328605201,0.0
948,day,[284 375],2,0.7789598108747045,0.7789598108747045,0.10756501182033097
949,stellar wind serve,[285],1,0.6737588652482269,0.6737588652482269,0.0
950,significant amount,[285],1,0.6737588652482269,0.6737588652482269,0.0
951,rapid rate,[286],1,0.6761229314420804,0.6761229314420804,0.0
952,degenerate star,[286],1,0.6761229314420804,0.6761229314420804,0.0
953,compact mass,[286],1,0.6761229314420804,0.6761229314420804,0.0
954,spin,[287],1,0.6784869976359338,0.6784869976359338,0.0
955,contraction,[287],1,0.6784869976359338,0.6784869976359338,0.0
956,body,[287],1,0.6784869976359338,0.6784869976359338,0.0
957,relatively low rate,[287],1,0.6784869976359338,0.6784869976359338,0.0
958,conservation,[287],1,0.6784869976359338,0.6784869976359338,0.0
959,angular tendency,[287],1,0.6784869976359338,0.6784869976359338,0.0
960,mass loss,[288],1,0.6808510638297872,0.6808510638297872,0.0
961,large portion,[288],1,0.6808510638297872,0.6808510638297872,0.0
962,second,[290],1,0.6855791962174941,0.6855791962174941,0.0
963,heart,[290],1,0.6855791962174941,0.6855791962174941,0.0
964,emission,[291],1,0.6879432624113475,0.6879432624113475,0.0
965,energy production,[292],1,0.6903073286052009,0.6903073286052009,0.0
966,color index,[292],1,0.6903073286052009,0.6903073286052009,0.0
967,effective temperature,[293 294],2,0.693853427895981,0.693853427895981,0.001182033096926714
968,black body,[293],1,0.6926713947990544,0.6926713947990544,0.0
969,surface area,[293],1,0.6926713947990544,0.6926713947990544,0.0
970,representative,[294],1,0.6950354609929078,0.6950354609929078,0.0
971,note,[294],1,0.6950354609929078,0.6950354609929078,0.0
972,core region,[295],1,0.6973995271867612,0.6973995271867612,0.0
973,kelvin,[295 414 418],3,0.8881008668242711,0.9787234042553191,0.1349014601861456
974,various element,[296],1,0.6997635933806147,0.6997635933806147,0.0
975,characteristic absorption line,[296],1,0.6997635933806147,0.6997635933806147,0.0
976,stellar temperature,[296],1,0.6997635933806147,0.6997635933806147,0.0
977,ionization,[296],1,0.6997635933806147,0.6997635933806147,0.0
978,classification,[297 347],2,0.7612293144208038,0.7612293144208038,0.0591016548463357
979,absorption feature,[297],1,0.7021276595744681,0.7021276595744681,0.0
980,visual absolute magnitude,[297],1,0.7021276595744681,0.7021276595744681,0.0
981,k,[298 299 300 346 349 379],6,0.776595744680851,0.7635933806146572,0.0740667383990705
982,massive,[298],1,0.7044917257683215,0.7044917257683215,0.0
983,smaller star,[299 395],2,0.8203309692671394,0.8203309692671394,0.11347517730496454
984,exterior surface area,[300],1,0.7092198581560284,0.7092198581560284,0.0
985,relatively low surface temperature,[300],1,0.7092198581560284,0.7092198581560284,0.0
986,particle radiation,[301 302],2,0.7127659574468085,0.7127659574468085,0.001182033096926714
987,electromagnetic radiation,[301 307 308 309],4,0.7239952718676123,0.7269503546099291,0.007358096689118636
988,beta particle,[302],1,0.7139479905437353,0.7139479905437353,0.0
989,alpha,[302],1,0.7139479905437353,0.7139479905437353,0.0
990,almost massless,[303],1,0.7163120567375887,0.7163120567375887,0.0
991,steady stream,[303],1,0.7163120567375887,0.7163120567375887,0.0
992,atomic nucleus,[304 381],2,0.8096926713947991,0.8096926713947991,0.09101654846335698
993,new heavier element,[304],1,0.7186761229314421,0.7186761229314421,0.0
994,reason star,[304],1,0.7186761229314421,0.7186761229314421,0.0
995,atomic nucleus fuse,[304],1,0.7186761229314421,0.7186761229314421,0.0
996,nuclear fusion product,[304],1,0.7186761229314421,0.7186761229314421,0.0
997,gamma ray photon,[304 415],2,0.8498817966903073,0.8498817966903073,0.13120567375886524
998,other form,[305 316],2,0.7340425531914894,0.7340425531914894,0.013002364066193853
999,low frequency,[305],1,0.7210401891252955,0.7210401891252955,0.0
1000,visible light,[305 306 307 308],4,0.7245862884160756,0.7245862884160756,0.0026431063563827303
1001,electromagnetic energy,[305 413],2,0.8486997635933806,0.8486997635933806,0.1276595744680851
1002,photosphere,[306 398 401 402 403],5,0.9030732860520094,0.9479905437352246,0.08992157036125634
1003,most intense frequency,[306],1,0.723404255319149,0.723404255319149,0.0
1004,human eye,[307],1,0.7257683215130024,0.7257683215130024,0.0
1005,besides,[307],1,0.7257683215130024,0.7257683215130024,0.0
1006,form,[307 358 381],3,0.8242710795902286,0.8463356973995272,0.07310364786956103
1007,x-ray,[308],1,0.7281323877068558,0.7281323877068558,0.0
1008,shortest,[308],1,0.7281323877068558,0.7281323877068558,0.0
1009,ultraviolet,[308],1,0.7281323877068558,0.7281323877068558,0.0
1010,electromagnetic spectrum,[308],1,0.7281323877068558,0.7281323877068558,0.0
1011,fact,[308],1,0.7281323877068558,0.7281323877068558,0.0
1012,radio wave,[308],1,0.7281323877068558,0.7281323877068558,0.0
1013,long wavelength,[308],1,0.7281323877068558,0.7281323877068558,0.0
1014,total energy,[309],1,0.7304964539007093,0.7304964539007093,0.0
1015,frequency,[309],1,0.7304964539007093,0.7304964539007093,0.0
1016,physic,[309],1,0.7304964539007093,0.7304964539007093,0.0
1017,standpoint,[309],1,0.7304964539007093,0.7304964539007093,0.0
1018,rotational velocity,[310],1,0.7328605200945626,0.7328605200945626,0.0
1019,stellar model,[312],1,0.7375886524822695,0.7375886524822695,0.0
1020,rotation period,[312],1,0.7375886524822695,0.7375886524822695,0.0
1021,orbital velocity,[313],1,0.7399527186761229,0.7399527186761229,0.0
1022,gravitational microlensing,[314],1,0.7423167848699763,0.7423167848699763,0.0
1023,parameter,[315],1,0.7446808510638298,0.7446808510638298,0.0
1024,radiant energy,[316],1,0.7470449172576832,0.7470449172576832,0.0
1025,power,[317 320],2,0.7529550827423168,0.7529550827423168,0.0035460992907801418
1026,entire surface,[319],1,0.7541371158392435,0.7541371158392435,0.0
1027,unit area,[320],1,0.7565011820330969,0.7565011820330969,0.0
1028,star vega,[320],1,0.7565011820330969,0.7565011820330969,0.0
1029,high energy flux,[320],1,0.7565011820330969,0.7565011820330969,0.0
1030,patch,[321],1,0.7588652482269503,0.7588652482269503,0.0
1031,low temperature,[321],1,0.7588652482269503,0.7588652482269503,0.0
1032,only small starspots,[322],1,0.7612293144208038,0.7612293144208038,0.0
1033,small,[322],1,0.7612293144208038,0.7612293144208038,0.0
1034,essentially featureless disk,[322],1,0.7612293144208038,0.7612293144208038,0.0
1035,stellar limb darkening,[323],1,0.7635933806146572,0.7635933806146572,0.0
1036,more obvious starspots,[323],1,0.7635933806146572,0.7635933806146572,0.0
1037,edge,[324],1,0.7659574468085106,0.7659574468085106,0.0
1038,stellar disk,[324],1,0.7659574468085106,0.7659574468085106,0.0
1039,uv ceti,[325],1,0.7683215130023641,0.7683215130023641,0.0
1040,red dwarf flare star,[325],1,0.7683215130023641,0.7683215130023641,0.0
1041,prominent starspot feature,[325],1,0.7683215130023641,0.7683215130023641,0.0
1042,apparent magnitude,[326 328 334 335],4,0.7819148936170213,0.7825059101654847,0.009060112125742252
1043,apparent brightness,[326],1,0.7706855791962175,0.7706855791962175,0.0
1044,interstellar dust,[327],1,0.7730496453900709,0.7730496453900709,0.0
1045,function,[327],1,0.7730496453900709,0.7730496453900709,0.0
1046,altering,[327],1,0.7730496453900709,0.7730496453900709,0.0
1047,extinction effect,[327],1,0.7730496453900709,0.7730496453900709,0.0
1048,parsec,[328],1,0.7754137115839244,0.7754137115839244,0.0
1049,absolute magnitude,[328 334 335 336 339 356],6,0.7990543735224587,0.793144208037825,0.0205642054384553
1050,intrinsic,[328],1,0.7754137115839244,0.7754137115839244,0.0
1051,brightness variation,[329],1,0.7777777777777778,0.7777777777777778,0.0
1052,whole number difference,[329],1,0.7777777777777778,0.7777777777777778,0.0
1053,root,[329],1,0.7777777777777778,0.7777777777777778,0.0
1054,absolute magnitude scale,[329 332],2,0.7813238770685579,0.7813238770685579,0.0035460992907801418
1055,logarithmic unit,[329],1,0.7777777777777778,0.7777777777777778,0.0
1056,apparent,[329],1,0.7777777777777778,0.7777777777777778,0.0
1057,first magnitude star,[330],1,0.7801418439716312,0.7801418439716312,0.0
1058,sixth magnitude star,[330],1,0.7801418439716312,0.7801418439716312,0.0
1059,second magnitude,[330],1,0.7801418439716312,0.7801418439716312,0.0
1060,good seeing condition,[331],1,0.7825059101654847,0.7825059101654847,0.0
1061,faint star,[331 343],2,0.7966903073286052,0.7966903073286052,0.014184397163120567
1062,fainter,[332],1,0.7848699763593381,0.7848699763593381,0.0
1063,brighter,[332],1,0.7848699763593381,0.7848699763593381,0.0
1064,magnitude number,[332 334],2,0.7872340425531915,0.7872340425531915,0.002364066193853428
1065,bright star,[333 336],2,0.7907801418439716,0.7907801418439716,0.0035460992907801418
1066,scale,[333],1,0.7872340425531915,0.7872340425531915,0.0
1067,negative magnitude number,[333],1,0.7872340425531915,0.7872340425531915,0.0
1068,exponent,[334],1,0.789598108747045,0.789598108747045,0.0
1069,mb,[334],1,0.789598108747045,0.789598108747045,0.0
1070,brighter star,[334],1,0.789598108747045,0.789598108747045,0.0
1071,mf,[334],1,0.789598108747045,0.789598108747045,0.0
1072,fainter star,[334],1,0.789598108747045,0.789598108747045,0.0
1073,bright star sirius,[334],1,0.789598108747045,0.789598108747045,0.0
1074,base number,[334],1,0.789598108747045,0.789598108747045,0.0
1075,canopus,[336 337 338],3,0.7966903073286052,0.7966903073286052,0.0019302519643681466
1076,lbv,[339],1,0.8014184397163121,0.8014184397163121,0.0
1077,luminous star,[341],1,0.806146572104019,0.806146572104019,0.0
1078,ngc,[341],1,0.806146572104019,0.806146572104019,0.0
1079,28th magnitude,[342],1,0.8085106382978723,0.8085106382978723,0.0
1080,birthday candle,[343],1,0.8108747044917257,0.8108747044917257,0.0
1081,stellar classification system,[344],1,0.8132387706855791,0.8132387706855791,0.0
1082,hydrogen line,[344],1,0.8132387706855791,0.8132387706855791,0.0
1083,20th century,[344],1,0.8132387706855791,0.8132387706855791,0.0
1084,q,[344],1,0.8132387706855791,0.8132387706855791,0.0
1085,hydrogen line strength,[345],1,0.8156028368794326,0.8156028368794326,0.0
1086,linear function,[345],1,0.8156028368794326,0.8156028368794326,0.0
1087,great temperature,[346],1,0.817966903073286,0.817966903073286,0.0
1088,modern scheme,[347],1,0.8203309692671394,0.8203309692671394,0.0
1089,type o,[348],1,0.8226950354609929,0.8226950354609929,0.0
1090,molecule,[348],1,0.8226950354609929,0.8226950354609929,0.0
1091,single-letter classification,[348],1,0.8226950354609929,0.8226950354609929,0.0
1092,b,[349],1,0.8250591016548463,0.8250591016548463,0.0
1093,o,[349],1,0.8250591016548463,0.8250591016548463,0.0
1094,g,[349],1,0.8250591016548463,0.8250591016548463,0.0
1095,main classification,[349],1,0.8250591016548463,0.8250591016548463,0.0
1096,f,[349],1,0.8250591016548463,0.8250591016548463,0.0
1097,special classification,[350],1,0.8274231678486997,0.8274231678486997,0.0
1098,t,[351],1,0.8297872340425532,0.8297872340425532,0.0
1099,low-mass star,[351],1,0.8297872340425532,0.8297872340425532,0.0
1100,type l,[351],1,0.8297872340425532,0.8297872340425532,0.0
1101,sub-divisions,[352],1,0.8321513002364066,0.8321513002364066,0.0
1102,letter,[352 360],2,0.8416075650118203,0.8416075650118203,0.009456264775413711
1103,o1,[353],1,0.83451536643026,0.83451536643026,0.0
1104,high temperature,[353 407],2,0.8983451536643026,0.8983451536643026,0.06382978723404255
1105,class o0,[353],1,0.83451536643026,0.83451536643026,0.0
1106,luminosity effect,[354],1,0.8368794326241135,0.8368794326241135,0.0
1107,spatial size,[354],1,0.8368794326241135,0.8368794326241135,0.0
1108,v,[355],1,0.8392434988179669,0.8392434988179669,0.0
1109,iii,[355],1,0.8392434988179669,0.8392434988179669,0.0
1110,giant,[355 368],2,0.8546099290780141,0.8546099290780141,0.015366430260047281
1111,hypergiants,[355],1,0.8392434988179669,0.8392434988179669,0.0
1112,author,[355],1,0.8392434988179669,0.8392434988179669,0.0
1113,main sequence dwarf,[355],1,0.8392434988179669,0.8392434988179669,0.0
1114,vii,[355],1,0.8392434988179669,0.8392434988179669,0.0
1115,diagonal band,[356],1,0.8416075650118203,0.8416075650118203,0.0
1116,ordinary size,[357],1,0.8439716312056738,0.8439716312056738,0.0
1117,main sequence g2v yellow dwarf,[357],1,0.8439716312056738,0.8439716312056738,0.0
1118,intermediate temperature,[357],1,0.8439716312056738,0.8439716312056738,0.0
1119,peculiar feature,[358],1,0.8463356973995272,0.8463356973995272,0.0
1120,lower-case letter,[358],1,0.8463356973995272,0.8463356973995272,0.0
1121,additional nomenclature,[358],1,0.8463356973995272,0.8463356973995272,0.0
1122,unusually strong level,[359],1,0.8486997635933806,0.8486997635933806,0.0
1123,presence,[359],1,0.8486997635933806,0.8486997635933806,0.0
1124,e,[359],1,0.8486997635933806,0.8486997635933806,0.0
1125,var,[359],1,0.8486997635933806,0.8486997635933806,0.0
1126,db,[360],1,0.851063829787234,0.851063829787234,0.0
1127,dq,[360],1,0.851063829787234,0.851063829787234,0.0
1128,dz,[360],1,0.851063829787234,0.851063829787234,0.0
1129,own class,[360],1,0.851063829787234,0.851063829787234,0.0
1130,class da,[360],1,0.851063829787234,0.851063829787234,0.0
1131,dc,[360],1,0.851063829787234,0.851063829787234,0.0
1132,white dwarf star,[360],1,0.851063829787234,0.851063829787234,0.0
1133,do,[360],1,0.851063829787234,0.851063829787234,0.0
1134,prominent line,[360],1,0.851063829787234,0.851063829787234,0.0
1135,type,[360 371],2,0.8640661938534279,0.8640661938534279,0.013002364066193853
1136,numerical value,[361],1,0.8534278959810875,0.8534278959810875,0.0
1137,random change,[362],1,0.8557919621749409,0.8557919621749409,0.0
1138,extrinsic property,[362],1,0.8557919621749409,0.8557919621749409,0.0
1139,variable star,[362 365 369],3,0.8636721828211189,0.8628841607565012,0.006778822117448878
1140,primary type,[363],1,0.8581560283687943,0.8581560283687943,0.0
1141,intrinsically variable star,[363],1,0.8581560283687943,0.8581560283687943,0.0
1142,principal group,[363],1,0.8581560283687943,0.8581560283687943,0.0
1143,pulsating variable,[364],1,0.8605200945626478,0.8605200945626478,0.0
1144,phase,[364],1,0.8605200945626478,0.8605200945626478,0.0
1145,minute,[365],1,0.8628841607565012,0.8628841607565012,0.0
1146,long-period variable,[366],1,0.8652482269503546,0.8652482269503546,0.0
1147,category,[366],1,0.8652482269503546,0.8652482269503546,0.0
1148,cepheid,[366],1,0.8652482269503546,0.8652482269503546,0.0
1149,mira,[366],1,0.8652482269503546,0.8652482269503546,0.0
1150,cepheid-like star,[366],1,0.8652482269503546,0.8652482269503546,0.0
1151,experience,[367],1,0.8676122931442081,0.8676122931442081,0.0
1152,eruptive variable,[367],1,0.8676122931442081,0.8676122931442081,0.0
1153,mass ejection event,[367],1,0.8676122931442081,0.8676122931442081,0.0
1154,sudden increase,[367],1,0.8676122931442081,0.8676122931442081,0.0
1155,flare,[367],1,0.8676122931442081,0.8676122931442081,0.0
1156,flare star,[368],1,0.8699763593380615,0.8699763593380615,0.0
1157,supergiant star,[368],1,0.8699763593380615,0.8699763593380615,0.0
1158,protostars,[368],1,0.8699763593380615,0.8699763593380615,0.0
1159,cataclysmic,[369],1,0.8723404255319149,0.8723404255319149,0.0
1160,dramatic change,[369],1,0.8723404255319149,0.8723404255319149,0.0
1161,certain type,[371],1,0.8770685579196218,0.8770685579196218,0.0
1162,spectacular stellar explosion,[371],1,0.8770685579196218,0.8770685579196218,0.0
1163,explosion,[372],1,0.8794326241134752,0.8794326241134752,0.0
1164,undergoes fusion,[372],1,0.8794326241134752,0.8794326241134752,0.0
1165,white dwarf accretes,[372],1,0.8794326241134752,0.8794326241134752,0.0
1166,companion star,[372],1,0.8794326241134752,0.8794326241134752,0.0
1167,periodic outburst,[373],1,0.8817966903073287,0.8817966903073287,0.0
1168,moderate amplitude,[373],1,0.8817966903073287,0.8817966903073287,0.0
1169,extrinsic factor,[374],1,0.8841607565011821,0.8841607565011821,0.0
1170,extreme starspots,[374],1,0.8841607565011821,0.8841607565011821,0.0
1171,notable example,[375],1,0.8865248226950354,0.8865248226950354,0.0
1172,algol,[375],1,0.8865248226950354,0.8865248226950354,0.0
1173,regularly varies,[375],1,0.8865248226950354,0.8865248226950354,0.0
1174,force,[376],1,0.8888888888888888,0.8888888888888888,0.0
1175,stable star,[376 386],2,0.900709219858156,0.900709219858156,0.01182033096926714
1176,small volume,[376],1,0.8888888888888888,0.8888888888888888,0.0
1177,outward force,[377],1,0.8912529550827423,0.8912529550827423,0.0
1178,balanced force,[377],1,0.8912529550827423,0.8912529550827423,0.0
1179,pressure gradient,[377 378],2,0.892434988179669,0.892434988179669,0.001182033096926714
1180,out part,[378],1,0.8936170212765957,0.8936170212765957,0.0
1181,temperature gradient,[378],1,0.8936170212765957,0.8936170212765957,0.0
1182,further collapse,[380],1,0.8983451536643026,0.8983451536643026,0.0
1183,sufficient energy,[380],1,0.8983451536643026,0.8983451536643026,0.0
1184,resulting temperature,[380],1,0.8983451536643026,0.8983451536643026,0.0
1185,hydrogen-burning core,[380],1,0.8983451536643026,0.8983451536643026,0.0
1186,photon,[382 399],2,0.9231678486997635,0.9231678486997635,0.02009456264775414
1187,thermal energy,[382],1,0.9030732860520094,0.9030732860520094,0.0
1188,main sequence convert hydrogen,[383],1,0.9054373522458629,0.9054373522458629,0.0
1189,energy production cease,[384],1,0.9078014184397163,0.9078014184397163,0.0
1190,helium content,[384],1,0.9078014184397163,0.9078014184397163,0.0
1191,fusion occurs,[385],1,0.9101654846335697,0.9101654846335697,0.0
1192,degenerate helium core,[385],1,0.9101654846335697,0.9101654846335697,0.0
1193,thermal equilibrium,[386],1,0.9125295508274232,0.9125295508274232,0.0
1194,energy balance,[386],1,0.9125295508274232,0.9125295508274232,0.0
1195,flux,[387 388 389],3,0.91725768321513,0.91725768321513,0.0019302519643681466
1196,exterior,[387],1,0.9148936170212766,0.9148936170212766,0.0
1197,radial temperature gradient,[387],1,0.9148936170212766,0.9148936170212766,0.0
1198,zone,[389],1,0.9196217494089834,0.9196217494089834,0.0
1199,radiative heat transfer,[389],1,0.9196217494089834,0.9196217494089834,0.0
1200,energy outward,[389],1,0.9196217494089834,0.9196217494089834,0.0
1201,stellar interior,[389],1,0.9196217494089834,0.9196217494089834,0.0
1202,radiation zone,[389],1,0.9196217494089834,0.9196217494089834,0.0
1203,mass motion,[390],1,0.9219858156028369,0.9219858156028369,0.0
1204,convection,[391 393],2,0.9267139479905437,0.9267139479905437,0.002364066193853428
1205,convection zone,[391],1,0.9243498817966903,0.9243498817966903,0.0
1206,radiatative heat transfer inefficient,[392],1,0.9267139479905437,0.9267139479905437,0.0
1207,very high energy flux,[392],1,0.9267139479905437,0.9267139479905437,0.0
1208,outer envelope,[392 393],2,0.9278959810874704,0.9278959810874704,0.001182033096926714
1209,area,[392],1,0.9267139479905437,0.9267139479905437,0.0
1210,high opacity,[392],1,0.9267139479905437,0.9267139479905437,0.0
1211,occurrence,[393],1,0.9290780141843972,0.9290780141843972,0.0
1212,radiative zone,[394],1,0.9314420803782506,0.9314420803782506,0.0
1213,several time,[394],1,0.9314420803782506,0.9314420803782506,0.0
1214,convection zone deep,[394],1,0.9314420803782506,0.9314420803782506,0.0
1215,convective zone,[395 397 406],3,0.9440504334121355,0.9385342789598109,0.011310244361235086
1216,red dwarf star,[396],1,0.9361702127659575,0.9361702127659575,0.0
1217,accumulation,[396],1,0.9361702127659575,0.9361702127659575,0.0
1218,star age,[397],1,0.9385342789598109,0.9385342789598109,0.0
1219,constitution,[397],1,0.9385342789598109,0.9385342789598109,0.0
1220,observer,[398],1,0.9408983451536643,0.9408983451536643,0.0
1221,average temperature,[401],1,0.9479905437352246,0.9479905437352246,0.0
1222,sun spot,[401],1,0.9479905437352246,0.9479905437352246,0.0
1223,level,[402],1,0.950354609929078,0.950354609929078,0.0
1224,chromosphere region,[403],1,0.9527186761229315,0.9527186761229315,0.0
1225,spicule,[403],1,0.9527186761229315,0.9527186761229315,0.0
1226,transition region,[404],1,0.9550827423167849,0.9550827423167849,0.0
1227,volume,[405],1,0.9574468085106383,0.9574468085106383,0.0
1228,super-heated plasma,[405],1,0.9574468085106383,0.9574468085106383,0.0
1229,very little light,[407],1,0.9621749408983451,0.9621749408983451,0.0
1230,low gas density,[407],1,0.9621749408983451,0.9621749408983451,0.0
1231,corona region,[408],1,0.9645390070921985,0.9645390070921985,0.0
1232,solar eclipse,[408],1,0.9645390070921985,0.9645390070921985,0.0
1233,plasma particle,[409],1,0.966903073286052,0.966903073286052,0.0
1234,influence,[410],1,0.9692671394799054,0.9692671394799054,0.0
1235,heliosphere,[410],1,0.9692671394799054,0.9692671394799054,0.0
1236,bubble-shaped region,[410],1,0.9692671394799054,0.9692671394799054,0.0
1237,solar wind,[410],1,0.9692671394799054,0.9692671394799054,0.0
1238,a variety,[411],1,0.9716312056737588,0.9716312056737588,0.0
1239,nuclear fusion reaction,[411],1,0.9716312056737588,0.9716312056737588,0.0
1240,nucleus fuse,[412],1,0.9739952718676123,0.9739952718676123,0.0
1241,fused product,[412],1,0.9739952718676123,0.9739952718676123,0.0
1242,original part,[412],1,0.9739952718676123,0.9739952718676123,0.0
1243,hydrogen fusion process,[413],1,0.9763593380614657,0.9763593380614657,0.0
1244,equivalence relationship e mc2,[413],1,0.9763593380614657,0.9763593380614657,0.0
1245,significant increase,[413],1,0.9763593380614657,0.9763593380614657,0.0
1246,core temperature,[413 414],2,0.9775413711583925,0.9775413711583925,0.001182033096926714
1247,moderate increase,[413],1,0.9763593380614657,0.9763593380614657,0.0
1248,lost mass,[413],1,0.9763593380614657,0.9763593380614657,0.0
1249,fusion rate,[413],1,0.9763593380614657,0.9763593380614657,0.0
1250,massive o-class star,[414],1,0.9787234042553191,0.9787234042553191,0.0
1251,small m-class star,[414],1,0.9787234042553191,0.9787234042553191,0.0
1252,positron,[415],1,0.9810874704491725,0.9810874704491725,0.0
1253,reaction,[415 416 417],3,0.983451536643026,0.983451536643026,0.0019302519643681466
1254,chain reaction,[415],1,0.9810874704491725,0.9810874704491725,0.0
1255,isotope,[415],1,0.9810874704491725,0.9810874704491725,0.0
1256,10-million-kelvin core,[415],1,0.9810874704491725,0.9810874704491725,0.0
1257,h,[415],1,0.9810874704491725,0.9810874704491725,0.0
1258,hydrogen fuse,[415],1,0.9810874704491725,0.9810874704491725,0.0
1259,electron volt,[415],1,0.9810874704491725,0.9810874704491725,0.0
1260,million,[415],1,0.9810874704491725,0.9810874704491725,0.0
1261,tiny amount,[415],1,0.9810874704491725,0.9810874704491725,0.0
1262,overall reaction,[415 418],2,0.9846335697399528,0.9846335697399528,0.0035460992907801418
1263,radiation output,[416],1,0.983451536643026,0.983451536643026,0.0
1264,however enormous number,[416],1,0.983451536643026,0.983451536643026,0.0
1265,oxygen gas molecule,[417],1,0.9858156028368794,0.9858156028368794,0.0
1266,carbon-nitrogen-oxygen cycle,[417],1,0.9858156028368794,0.9858156028368794,0.0
1267,hydrogen gas molecule,[417],1,0.9858156028368794,0.9858156028368794,0.0
1268,comparison,[417],1,0.9858156028368794,0.9858156028368794,0.0
1269,cycle,[417],1,0.9858156028368794,0.9858156028368794,0.0
1270,combustion,[417],1,0.9858156028368794,0.9858156028368794,0.0
1271,ev,[417],1,0.9858156028368794,0.9858156028368794,0.0
1272,triple-alpha process,[418],1,0.9881796690307328,0.9881796690307328,0.0
1273,contracting core,[418],1,0.9881796690307328,0.9881796690307328,0.0
1274,evolved star,[418],1,0.9881796690307328,0.9881796690307328,0.0
1275,intermediate element beryllium,[418],1,0.9881796690307328,0.9881796690307328,0.0
1276,stellar nucleosynthesis process,[419],1,0.9905437352245863,0.9905437352245863,0.0
1277,so further energy,[419],1,0.9905437352245863,0.9905437352245863,0.0
1278,endothermic process,[419],1,0.9905437352245863,0.9905437352245863,0.0
1279,stable isotope iron-56,[419],1,0.9905437352245863,0.9905437352245863,0.0
1280,nuclear fuel,[420],1,0.9929078014184397,0.9929078014184397,0.0
1281,o-class,[421],1,0.9952718676122931,0.9952718676122931,0.0
1282,solar radius,[421],1,0.9952718676122931,0.9952718676122931,0.0
